invoice_id,vendor_id,vendor_name,invoice_date,amount_eur,iban,category,is_suspicious,anomaly_type
INV-2026-00001,VND-3615,Zimmer Sager KG,2026-06-05,1211.25,DE95577738721489513433,IT-Services,0,Normal
INV-2026-00002,VND-1488,Löchel Langern GmbH & Co. KG,2026-05-02,2973.86,DE62010651333872624731,Marketing,0,Normal
INV-2026-00003,VND-1409,Gumprich,2025-10-17,2567.57,DE80863794026542351161,Marketing,0,Normal
INV-2026-00004,VND-4527,Kitzmann GmbH,2026-09-24,1355.94,DE27668893734670656272,Marketing,0,Normal
INV-2026-00005,VND-4611,Dörr,2026-03-09,2183.89,DE32607337543303654145,Beratung,0,Normal
INV-2026-00006,VND-5557,Krause KG,2026-05-24,289.97,DE30340608835615951484,Bürobedarf,0,Normal
INV-2026-00007,VND-5506,Kaul Schleich GbR,2026-05-14,3000.85,DE04078161849593103413,IT-Services,0,Normal
INV-2026-00008,VND-4811,Pechel AG,2026-06-21,2243.11,DE71219136193990916998,Beratung,0,Normal
INV-2026-00009,VND-1488,Löchel Langern GmbH & Co. KG,2025-10-17,772.8,DE62010651333872624731,Beratung,0,Normal
INV-2026-00010,VND-8359,Pechel,2025-11-08,2285.72,DE30685014294019655698,Marketing,0,Normal
INV-2026-00011,VND-4257,Heydrich GmbH,2026-06-13,2565.49,DE51935348740164005242,Bürobedarf,0,Normal
INV-2026-00012,VND-2424,Hendriks KG,2026-03-22,3463.86,DE36117182278248963834,Marketing,0,Normal
INV-2026-00013,VND-1520,Beckmann GmbH,2025-11-28,2957.84,DE29183473829973763116,IT-Services,0,Normal
INV-2026-00014,VND-1409,Gumprich,2026-09-08,2827.41,DE80863794026542351161,Instandhaltung,0,Normal
INV-2026-00015,VND-2679,Krause GmbH,2026-04-04,3200.32,DE30978480184514627048,Marketing,0,Normal
INV-2026-00016,VND-1520,Beckmann GmbH,2025-12-16,783.56,DE29183473829973763116,Instandhaltung,0,Normal
INV-2026-00017,VND-4527,Kitzmann GmbH,2025-10-26,2267.84,DE27668893734670656272,Bürobedarf,0,Normal
INV-2026-00018,VND-9935,Patberg AG,2026-01-16,2620.21,DE62489325288095701543,Marketing,0,Normal
INV-2026-00019,VND-9928,Margraf,2026-03-03,1528.1,DE39868011280598262045,Marketing,0,Normal
INV-2026-00020,VND-9935,Patberg AG,2026-02-11,3490.77,DE62489325288095701543,Bürobedarf,0,Normal
INV-2026-00021,VND-5506,Kaul Schleich GbR,2025-12-28,2657.45,DE04078161849593103413,IT-Services,0,Normal
INV-2026-00022,VND-3286,Rörricht,2026-04-01,2782.67,DE52849696532871012269,Instandhaltung,0,Normal
INV-2026-00023,VND-2535,Rogner Dippel AG,2026-02-10,1366.59,DE82801326773602606474,Instandhaltung,0,Normal
INV-2026-00024,VND-4257,Heydrich GmbH,2026-02-15,3019.69,DE51935348740164005242,IT-Services,0,Normal
INV-2026-00025,VND-5012,Kramer GbR,2026-07-29,2401.9,DE15752553419283276483,Marketing,0,Normal
INV-2026-00026,VND-3615,Zimmer Sager KG,2026-09-13,2261.32,DE95577738721489513433,IT-Services,0,Normal
INV-2026-00027,VND-3286,Rörricht,2026-03-03,1615.35,DE52849696532871012269,Beratung,0,Normal
INV-2026-00028,VND-3615,Zimmer Sager KG,2026-01-23,666.35,DE95577738721489513433,IT-Services,0,Normal
INV-2026-00029,VND-7912,Steckel Seip GmbH,2026-07-26,2953.76,DE60787133150983930103,Marketing,0,Normal
INV-2026-00030,VND-4657,Junk,2026-08-26,1340.0,DE52030564139537672423,Bürobedarf,0,Normal
INV-2026-00031,VND-3615,Zimmer Sager KG,2026-03-19,3232.4,DE95577738721489513433,IT-Services,0,Normal
INV-2026-00032,VND-9279,Heß Haase OHG mbH,2026-01-12,117.19,DE36534624751079911838,Beratung,0,Normal
INV-2026-00006,VND-5557,Krause KG,2026-08-27,289.97,DE02708317278895798687,Bürobedarf,1,Doppelte Rechnung
INV-2026-00034,VND-1106,Lange,2025-11-07,1726.67,DE55564823662994680443,IT-Services,0,Normal
INV-2026-00035,VND-4257,Heydrich GmbH,2026-04-07,2692.13,DE51935348740164005242,Bürobedarf,0,Normal
INV-2026-00036,VND-4257,Heydrich GmbH,2025-10-14,619.69,DE51935348740164005242,Marketing,0,Normal
INV-2026-00037,VND-4582,Textor Wagenknecht e.V.,2026-07-24,3377.05,DE43872343098050097882,Marketing,0,Normal
INV-2026-00038,VND-5557,Krause KG,2026-05-04,743.97,DE30340608835615951484,Beratung,0,Normal
INV-2026-00039,VND-8359,Pechel,2025-10-27,2292.08,DE30685014294019655698,Instandhaltung,0,Normal
INV-2026-00038,VND-5557,Krause KG,2026-02-19,743.97,DE71219136193990916998,Bürobedarf,1,Doppelte Rechnung
INV-2026-00015,VND-2679,Krause GmbH,2026-01-02,3200.32,DE51935348740164005242,Bürobedarf,1,Doppelte Rechnung
INV-2026-00042,VND-5506,Kaul Schleich GbR,2026-06-16,59809.66,DE04078161849593103413,Beratung,1,Ungewöhnlich hoher Betrag
INV-2026-00043,VND-9279,Heß Haase OHG mbH,2025-11-02,789.12,DE36534624751079911838,Bürobedarf,0,Normal
INV-2026-00044,VND-3547,Heinrich GmbH,2026-08-06,2020.1,DE77231665876036690967,Instandhaltung,0,Normal
INV-2026-00045,VND-9279,Heß Haase OHG mbH,2026-06-17,2835.86,DE36534624751079911838,Bürobedarf,0,Normal
INV-2026-00046,VND-8359,Pechel,2025-10-22,1537.13,DE30685014294019655698,Instandhaltung,0,Normal
INV-2026-00047,VND-5552,Weimer GmbH & Co. KGaA,2026-07-26,2565.31,DE06033092327193745299,IT-Services,1,Abweichende IBAN
INV-2026-00048,VND-7924,Barth AG,2026-07-24,3022.77,DE70379176936763201632,Bürobedarf,0,Normal
INV-2026-00049,VND-4257,Heydrich GmbH,2026-07-12,1597.72,DE51935348740164005242,Instandhaltung,0,Normal
INV-2026-00050,VND-4811,Pechel AG,2025-11-20,911.83,DE71219136193990916998,IT-Services,0,Normal
INV-2026-00006,VND-5557,Krause KG,2026-08-05,289.97,DE67743487347143455812,IT-Services,1,Doppelte Rechnung
INV-2026-00052,VND-4527,Kitzmann GmbH,2026-08-21,2649.8,DE27668893734670656272,Bürobedarf,0,Normal
INV-2026-00053,VND-9279,Heß Haase OHG mbH,2025-12-09,1710.69,DE36534624751079911838,Instandhaltung,0,Normal
INV-2026-00054,VND-3286,Rörricht,2026-02-04,1357.46,DE52849696532871012269,Instandhaltung,0,Normal
INV-2026-00055,VND-7924,Barth AG,2025-11-17,2758.7,DE70379176936763201632,Beratung,0,Normal
INV-2026-00056,VND-1106,Lange,2026-05-19,3484.21,DE55564823662994680443,Marketing,0,Normal
INV-2026-00057,VND-9279,Heß Haase OHG mbH,2025-10-16,584.05,DE36534624751079911838,Beratung,0,Normal
INV-2026-00058,VND-1409,Gumprich,2026-10-02,2048.17,DE62496631931491905865,Marketing,1,Abweichende IBAN
INV-2026-00059,VND-1409,Gumprich,2025-11-02,222.99,DE80863794026542351161,Instandhaltung,0,Normal
INV-2026-00060,VND-5552,Weimer GmbH & Co. KGaA,2026-04-21,1882.39,DE67743487347143455812,IT-Services,0,Normal
INV-2026-00061,VND-5506,Kaul Schleich GbR,2026-06-15,2987.13,DE04078161849593103413,IT-Services,0,Normal
INV-2026-00062,VND-8359,Pechel,2026-02-16,3023.28,DE30685014294019655698,Instandhaltung,0,Normal
INV-2026-00063,VND-3547,Heinrich GmbH,2025-10-11,2015.38,DE77231665876036690967,Marketing,0,Normal
INV-2026-00064,VND-7873,Klemt AG & Co. OHG,2026-09-01,332.84,DE82315869232260256342,Marketing,0,Normal
INV-2026-00065,VND-1520,Beckmann GmbH,2026-03-19,3274.74,DE29183473829973763116,Bürobedarf,0,Normal
INV-2026-00066,VND-1520,Beckmann GmbH,2026-08-22,873.47,DE29183473829973763116,Instandhaltung,0,Normal
INV-2026-00067,VND-4611,Dörr,2026-04-15,1084.99,DE32607337543303654145,Beratung,0,Normal
INV-2026-00068,VND-4527,Kitzmann GmbH,2025-11-16,300.27,DE27668893734670656272,Instandhaltung,0,Normal
INV-2026-00069,VND-9928,Margraf,2026-03-24,3486.53,DE39868011280598262045,IT-Services,0,Normal
INV-2026-00070,VND-1434,Eigenwillig Keudel AG,2026-02-24,964.94,DE52354278498084124118,Beratung,0,Normal
INV-2026-00071,VND-3547,Heinrich GmbH,2026-06-10,892.78,DE77231665876036690967,Beratung,0,Normal
INV-2026-00072,VND-6574,Pohl,2026-09-18,1924.1,DE02708317278895798687,Beratung,0,Normal
INV-2026-00073,VND-7924,Barth AG,2026-08-24,2306.22,DE70379176936763201632,IT-Services,0,Normal
INV-2026-00074,VND-4257,Heydrich GmbH,2026-04-03,1082.86,DE51935348740164005242,IT-Services,0,Normal
INV-2026-00075,VND-4657,Junk,2026-07-08,962.41,DE52030564139537672423,IT-Services,0,Normal
INV-2026-00076,VND-4657,Junk,2025-12-05,989.6,DE52030564139537672423,Marketing,0,Normal
INV-2026-00077,VND-1520,Beckmann GmbH,2026-03-25,752.41,DE29183473829973763116,Beratung,0,Normal
INV-2026-00078,VND-2424,Hendriks KG,2025-12-14,3173.41,DE36117182278248963834,IT-Services,0,Normal
INV-2026-00079,VND-4582,Textor Wagenknecht e.V.,2026-07-18,104639.17,DE43872343098050097882,IT-Services,1,Ungewöhnlich hoher Betrag
INV-2026-00080,VND-2424,Hendriks KG,2026-04-27,607.46,DE36117182278248963834,Instandhaltung,0,Normal
INV-2026-00081,VND-4582,Textor Wagenknecht e.V.,2026-06-16,93198.79,DE43872343098050097882,IT-Services,1,Ungewöhnlich hoher Betrag
INV-2026-00082,VND-6574,Pohl,2026-01-19,1323.8,DE02708317278895798687,Marketing,0,Normal
INV-2026-00083,VND-4657,Junk,2026-06-03,194.31,DE52030564139537672423,Beratung,0,Normal
INV-2026-00084,VND-7924,Barth AG,2026-08-16,3404.08,DE70379176936763201632,IT-Services,0,Normal
INV-2026-00085,VND-2679,Krause GmbH,2026-09-29,2403.13,DE30978480184514627048,IT-Services,0,Normal
INV-2026-00086,VND-4257,Heydrich GmbH,2026-05-04,3100.26,DE51935348740164005242,Instandhaltung,0,Normal
INV-2026-00087,VND-1106,Lange,2026-08-03,583.21,DE55564823662994680443,Bürobedarf,0,Normal
INV-2026-00088,VND-7924,Barth AG,2026-04-12,2847.16,DE71769453147379965075,Instandhaltung,1,Abweichende IBAN
INV-2026-00089,VND-7924,Barth AG,2025-12-16,3261.31,DE70379176936763201632,Bürobedarf,0,Normal
INV-2026-00090,VND-7924,Barth AG,2026-04-14,2469.41,DE70379176936763201632,Instandhaltung,0,Normal
INV-2026-00091,VND-5552,Weimer GmbH & Co. KGaA,2025-12-28,1673.88,DE67743487347143455812,Bürobedarf,0,Normal
INV-2026-00092,VND-4811,Pechel AG,2026-02-21,1256.32,DE71219136193990916998,Bürobedarf,0,Normal
INV-2026-00093,VND-8359,Pechel,2026-08-12,716.3,DE30685014294019655698,Beratung,0,Normal
INV-2026-00094,VND-5506,Kaul Schleich GbR,2026-01-15,3385.77,DE04078161849593103413,Beratung,0,Normal
INV-2026-00095,VND-1434,Eigenwillig Keudel AG,2026-02-16,1428.89,DE52354278498084124118,Marketing,0,Normal
INV-2026-00096,VND-2824,Dowerg,2026-01-23,447.93,DE64043321819600133890,Beratung,0,Normal
INV-2026-00097,VND-2424,Hendriks KG,2026-09-13,181.99,DE36117182278248963834,Marketing,0,Normal
INV-2026-00098,VND-1106,Lange,2026-05-26,2763.18,DE55564823662994680443,Instandhaltung,0,Normal
INV-2026-00099,VND-1434,Eigenwillig Keudel AG,2026-07-06,448.98,DE52354278498084124118,Marketing,0,Normal
INV-2026-00100,VND-1409,Gumprich,2026-09-13,2495.31,DE80863794026542351161,IT-Services,0,Normal
INV-2026-00101,VND-7924,Barth AG,2026-01-22,1907.66,DE70379176936763201632,Bürobedarf,0,Normal
INV-2026-00102,VND-5506,Kaul Schleich GbR,2026-05-10,3323.62,DE04078161849593103413,Beratung,0,Normal
INV-2026-00103,VND-8359,Pechel,2025-10-10,2975.65,DE30685014294019655698,Beratung,0,Normal
INV-2026-00104,VND-8359,Pechel,2026-04-25,1458.96,DE30685014294019655698,Instandhaltung,0,Normal
INV-2026-00105,VND-4257,Heydrich GmbH,2025-12-20,489.14,DE51935348740164005242,Instandhaltung,0,Normal
INV-2026-00106,VND-2535,Rogner Dippel AG,2025-11-09,2386.75,DE82801326773602606474,Bürobedarf,0,Normal
INV-2026-00107,VND-7912,Steckel Seip GmbH,2026-01-08,1450.96,DE60787133150983930103,IT-Services,0,Normal
INV-2026-00108,VND-2679,Krause GmbH,2026-07-13,1533.11,DE30978480184514627048,Marketing,0,Normal
INV-2026-00109,VND-1520,Beckmann GmbH,2026-03-13,1654.21,DE29183473829973763116,Instandhaltung,0,Normal
INV-2026-00110,VND-1434,Eigenwillig Keudel AG,2026-04-14,1682.49,DE52354278498084124118,Bürobedarf,0,Normal
INV-2026-00111,VND-7912,Steckel Seip GmbH,2026-05-10,1828.31,DE60787133150983930103,Marketing,0,Normal
INV-2026-00112,VND-6574,Pohl,2026-07-28,3334.4,DE02708317278895798687,Bürobedarf,0,Normal
INV-2026-00113,VND-9935,Patberg AG,2026-01-08,147992.0,DE62489325288095701543,Bürobedarf,1,Ungewöhnlich hoher Betrag
INV-2026-00114,VND-7873,Klemt AG & Co. OHG,2026-07-02,2981.6,DE82315869232260256342,IT-Services,0,Normal
INV-2026-00115,VND-3547,Heinrich GmbH,2026-04-09,2222.69,DE77231665876036690967,Bürobedarf,0,Normal
INV-2026-00116,VND-2535,Rogner Dippel AG,2026-06-14,1755.6,DE82801326773602606474,Bürobedarf,0,Normal
INV-2026-00117,VND-5557,Krause KG,2026-07-10,69.13,DE30340608835615951484,IT-Services,0,Normal
INV-2026-00118,VND-9935,Patberg AG,2026-04-15,656.81,DE62489325288095701543,Marketing,0,Normal
INV-2026-00119,VND-4257,Heydrich GmbH,2026-03-30,909.73,DE51935348740164005242,IT-Services,0,Normal
INV-2026-00120,VND-7924,Barth AG,2026-08-10,1653.02,DE70379176936763201632,Marketing,0,Normal
INV-2026-00121,VND-7873,Klemt AG & Co. OHG,2025-10-13,1144.68,DE82315869232260256342,Instandhaltung,0,Normal
INV-2026-00122,VND-1106,Lange,2025-11-12,3127.47,DE55564823662994680443,Instandhaltung,0,Normal
INV-2026-00123,VND-4257,Heydrich GmbH,2026-01-29,1588.4,DE51935348740164005242,Bürobedarf,0,Normal
INV-2026-00124,VND-9279,Heß Haase OHG mbH,2026-01-01,1602.74,DE36534624751079911838,Bürobedarf,0,Normal
INV-2026-00125,VND-2424,Hendriks KG,2026-03-13,2692.06,DE36117182278248963834,Marketing,0,Normal
INV-2026-00126,VND-9935,Patberg AG,2026-07-02,997.36,DE62489325288095701543,IT-Services,0,Normal
INV-2026-00127,VND-9935,Patberg AG,2026-01-09,987.42,DE62489325288095701543,Beratung,0,Normal
INV-2026-00128,VND-5506,Kaul Schleich GbR,2026-02-02,527.39,DE04078161849593103413,Bürobedarf,0,Normal
INV-2026-00129,VND-4657,Junk,2026-06-21,2487.15,DE52030564139537672423,IT-Services,0,Normal
INV-2026-00130,VND-1520,Beckmann GmbH,2026-05-23,1922.01,DE29183473829973763116,Instandhaltung,1,Wochenend-Buchung
INV-2026-00131,VND-2535,Rogner Dippel AG,2026-02-27,3171.69,DE82801326773602606474,Marketing,0,Normal
INV-2026-00132,VND-2824,Dowerg,2026-04-08,3005.73,DE64043321819600133890,Marketing,0,Normal
INV-2026-00133,VND-2824,Dowerg,2026-05-09,3302.46,DE64043321819600133890,Beratung,0,Normal
INV-2026-00134,VND-5552,Weimer GmbH & Co. KGaA,2026-05-01,3126.16,DE67743487347143455812,Instandhaltung,0,Normal
INV-2026-00135,VND-1106,Lange,2026-02-17,1934.16,DE55564823662994680443,Marketing,0,Normal
INV-2026-00136,VND-9279,Heß Haase OHG mbH,2026-03-21,807.0,DE36534624751079911838,Instandhaltung,0,Normal
INV-2026-00137,VND-2535,Rogner Dippel AG,2026-07-23,1209.65,DE82801326773602606474,Instandhaltung,0,Normal
INV-2026-00138,VND-6574,Pohl,2026-05-08,1662.5,DE02708317278895798687,Bürobedarf,0,Normal
INV-2026-00139,VND-4257,Heydrich GmbH,2026-02-12,143.03,DE51935348740164005242,Instandhaltung,0,Normal
INV-2026-00140,VND-8359,Pechel,2026-02-20,143.5,DE30685014294019655698,Instandhaltung,0,Normal
INV-2026-00141,VND-4811,Pechel AG,2026-07-06,676.97,DE71219136193990916998,Beratung,0,Normal
INV-2026-00142,VND-2679,Krause GmbH,2026-04-01,1618.71,DE30978480184514627048,Beratung,0,Normal
INV-2026-00143,VND-2535,Rogner Dippel AG,2026-01-20,1009.99,DE82801326773602606474,Instandhaltung,0,Normal
INV-2026-00144,VND-5506,Kaul Schleich GbR,2026-02-03,1672.56,DE49431351823374989413,Marketing,1,Abweichende IBAN
INV-2026-00145,VND-9935,Patberg AG,2026-01-30,2293.0,DE62489325288095701543,IT-Services,0,Normal
INV-2026-00146,VND-9935,Patberg AG,2026-01-03,737.79,DE62489325288095701543,IT-Services,0,Normal
INV-2026-00147,VND-9935,Patberg AG,2026-02-24,485.46,DE62489325288095701543,IT-Services,0,Normal
INV-2026-00148,VND-2679,Krause GmbH,2025-12-15,1654.37,DE30978480184514627048,Beratung,0,Normal
INV-2026-00149,VND-3286,Rörricht,2026-02-01,2140.33,DE52849696532871012269,IT-Services,0,Normal
INV-2026-00150,VND-3286,Rörricht,2025-10-12,3378.29,DE52849696532871012269,IT-Services,0,Normal
INV-2026-00151,VND-4527,Kitzmann GmbH,2026-07-08,1126.25,DE27668893734670656272,Instandhaltung,0,Normal
INV-2026-00152,VND-5557,Krause KG,2026-05-02,734.24,DE30340608835615951484,Marketing,0,Normal
INV-2026-00153,VND-4611,Dörr,2025-11-25,887.83,DE32607337543303654145,Beratung,0,Normal
INV-2026-00154,VND-7873,Klemt AG & Co. OHG,2026-01-21,2829.07,DE82315869232260256342,Marketing,0,Normal
INV-2026-00155,VND-1488,Löchel Langern GmbH & Co. KG,2025-10-24,1887.97,DE06084271094777520471,Beratung,1,Abweichende IBAN
INV-2026-00156,VND-2824,Dowerg,2026-08-22,2981.04,DE64043321819600133890,Instandhaltung,0,Normal
INV-2026-00157,VND-1488,Löchel Langern GmbH & Co. KG,2025-11-01,2242.77,DE62010651333872624731,Instandhaltung,0,Normal
INV-2026-00158,VND-4582,Textor Wagenknecht e.V.,2026-03-11,657.67,DE43872343098050097882,Marketing,0,Normal
INV-2026-00159,VND-2424,Hendriks KG,2026-04-15,2174.9,DE36117182278248963834,Marketing,0,Normal
INV-2026-00160,VND-4811,Pechel AG,2025-11-04,1552.73,DE71219136193990916998,Marketing,0,Normal
INV-2026-00161,VND-5552,Weimer GmbH & Co. KGaA,2026-05-19,896.96,DE67743487347143455812,IT-Services,0,Normal
INV-2026-00162,VND-4811,Pechel AG,2026-06-08,891.33,DE71219136193990916998,Instandhaltung,0,Normal
INV-2026-00163,VND-8359,Pechel,2026-06-30,1357.51,DE30685014294019655698,IT-Services,0,Normal
INV-2026-00164,VND-1520,Beckmann GmbH,2025-10-27,677.35,DE29183473829973763116,Bürobedarf,0,Normal
INV-2026-00165,VND-2424,Hendriks KG,2025-12-04,1224.17,DE36117182278248963834,Marketing,0,Normal
INV-2026-00166,VND-2424,Hendriks KG,2025-12-03,1967.48,DE36117182278248963834,Marketing,0,Normal
INV-2026-00167,VND-5506,Kaul Schleich GbR,2026-08-18,882.68,DE04078161849593103413,Instandhaltung,0,Normal
INV-2026-00168,VND-3615,Zimmer Sager KG,2026-05-13,879.12,DE95577738721489513433,Instandhaltung,0,Normal
INV-2026-00169,VND-9279,Heß Haase OHG mbH,2026-02-01,1596.2,DE36534624751079911838,IT-Services,0,Normal
INV-2026-00170,VND-9935,Patberg AG,2025-11-09,1445.18,DE62489325288095701543,Bürobedarf,0,Normal
INV-2026-00171,VND-9928,Margraf,2026-01-11,1323.12,DE39868011280598262045,Marketing,0,Normal
INV-2026-00172,VND-4582,Textor Wagenknecht e.V.,2025-11-22,3488.38,DE43872343098050097882,Marketing,0,Normal
INV-2026-00173,VND-5557,Krause KG,2026-05-11,1615.42,DE30340608835615951484,Beratung,0,Normal
INV-2026-00174,VND-5012,Kramer GbR,2026-07-30,2538.43,DE15752553419283276483,Beratung,0,Normal
INV-2026-00175,VND-4257,Heydrich GmbH,2026-03-17,3330.53,DE51935348740164005242,Bürobedarf,0,Normal
INV-2026-00176,VND-1106,Lange,2026-05-30,1720.49,DE55564823662994680443,Marketing,0,Normal
INV-2026-00177,VND-1434,Eigenwillig Keudel AG,2026-05-26,2108.93,DE52354278498084124118,IT-Services,0,Normal
INV-2026-00178,VND-7912,Steckel Seip GmbH,2026-08-10,834.82,DE60787133150983930103,Bürobedarf,0,Normal
INV-2026-00142,VND-2679,Krause GmbH,2026-06-04,1618.71,DE30340608835615951484,Beratung,1,Doppelte Rechnung
INV-2026-00180,VND-7912,Steckel Seip GmbH,2026-01-02,2456.09,DE60787133150983930103,Bürobedarf,0,Normal
INV-2026-00181,VND-3615,Zimmer Sager KG,2026-08-04,1743.53,DE95577738721489513433,IT-Services,0,Normal
INV-2026-00182,VND-9279,Heß Haase OHG mbH,2026-04-27,1701.56,DE36534624751079911838,Beratung,0,Normal
INV-2026-00183,VND-1409,Gumprich,2026-03-03,921.05,DE80863794026542351161,Instandhaltung,0,Normal
INV-2026-00184,VND-5506,Kaul Schleich GbR,2026-03-30,1432.44,DE04078161849593103413,IT-Services,0,Normal
INV-2026-00185,VND-8359,Pechel,2026-09-24,234.95,DE30685014294019655698,Bürobedarf,0,Normal
INV-2026-00186,VND-7912,Steckel Seip GmbH,2026-03-27,343.87,DE60787133150983930103,Bürobedarf,0,Normal
INV-2026-00187,VND-3615,Zimmer Sager KG,2026-01-30,1485.8,DE95577738721489513433,Marketing,0,Normal
INV-2026-00188,VND-9935,Patberg AG,2026-09-06,2726.14,DE62489325288095701543,Instandhaltung,0,Normal
INV-2026-00189,VND-4811,Pechel AG,2026-05-23,1075.87,DE71219136193990916998,Marketing,0,Normal
INV-2026-00190,VND-7912,Steckel Seip GmbH,2026-03-22,2011.77,DE60787133150983930103,IT-Services,0,Normal
INV-2026-00191,VND-1106,Lange,2026-02-02,392.36,DE55564823662994680443,Bürobedarf,0,Normal
INV-2026-00192,VND-2424,Hendriks KG,2026-05-15,2328.48,DE36117182278248963834,Bürobedarf,0,Normal
INV-2026-00193,VND-4257,Heydrich GmbH,2026-06-05,308.97,DE51935348740164005242,IT-Services,0,Normal
INV-2026-00194,VND-5557,Krause KG,2025-10-30,2098.65,DE66913341232812067974,Beratung,1,Abweichende IBAN
INV-2026-00195,VND-5557,Krause KG,2025-10-19,140488.88,DE30340608835615951484,Instandhaltung,1,Ungewöhnlich hoher Betrag
INV-2026-00196,VND-7924,Barth AG,2026-01-04,2779.8,DE70379176936763201632,Marketing,0,Normal
INV-2026-00197,VND-4527,Kitzmann GmbH,2026-01-26,732.48,DE27668893734670656272,IT-Services,0,Normal
INV-2026-00198,VND-4611,Dörr,2026-07-08,564.01,DE32607337543303654145,Beratung,0,Normal
INV-2026-00199,VND-5506,Kaul Schleich GbR,2026-01-24,255.75,DE04078161849593103413,Beratung,0,Normal
INV-2026-00200,VND-6574,Pohl,2026-07-07,2013.76,DE02708317278895798687,Beratung,0,Normal
INV-2026-00201,VND-4811,Pechel AG,2026-09-05,2425.94,DE71219136193990916998,Instandhaltung,0,Normal
INV-2026-00202,VND-1434,Eigenwillig Keudel AG,2026-04-01,1912.94,DE52354278498084124118,Instandhaltung,0,Normal
INV-2026-00203,VND-1409,Gumprich,2025-11-03,3118.51,DE80863794026542351161,Beratung,0,Normal
INV-2026-00204,VND-2824,Dowerg,2026-06-30,365.08,DE64043321819600133890,Marketing,0,Normal
INV-2026-00205,VND-2824,Dowerg,2026-01-05,3498.52,DE64043321819600133890,Beratung,0,Normal
INV-2026-00206,VND-3615,Zimmer Sager KG,2026-09-30,2659.13,DE95577738721489513433,Instandhaltung,0,Normal
INV-2026-00207,VND-4811,Pechel AG,2026-01-17,3210.45,DE71219136193990916998,Bürobedarf,0,Normal
INV-2026-00208,VND-4582,Textor Wagenknecht e.V.,2026-08-08,2240.01,DE43872343098050097882,Instandhaltung,0,Normal
INV-2026-00209,VND-9279,Heß Haase OHG mbH,2026-08-10,1250.47,DE36534624751079911838,Beratung,0,Normal
INV-2026-00210,VND-5012,Kramer GbR,2026-06-06,3009.18,DE15752553419283276483,Beratung,0,Normal
INV-2026-00211,VND-9279,Heß Haase OHG mbH,2026-05-24,1044.35,DE36534624751079911838,Instandhaltung,0,Normal
INV-2026-00212,VND-4257,Heydrich GmbH,2026-06-20,176.61,DE51935348740164005242,IT-Services,0,Normal
INV-2026-00213,VND-1520,Beckmann GmbH,2026-08-15,449.93,DE29183473829973763116,Instandhaltung,0,Normal
INV-2026-00214,VND-6574,Pohl,2026-10-04,3459.01,DE02708317278895798687,Marketing,0,Normal
INV-2026-00215,VND-1409,Gumprich,2025-12-22,697.16,DE80863794026542351161,Beratung,0,Normal
INV-2026-00216,VND-9279,Heß Haase OHG mbH,2026-03-21,2207.66,DE36534624751079911838,IT-Services,0,Normal
INV-2026-00217,VND-4257,Heydrich GmbH,2025-11-20,502.0,DE51935348740164005242,Beratung,0,Normal
INV-2026-00218,VND-5557,Krause KG,2026-05-06,1722.26,DE30340608835615951484,IT-Services,0,Normal
INV-2026-00219,VND-7873,Klemt AG & Co. OHG,2026-01-02,2807.63,DE82315869232260256342,Bürobedarf,0,Normal
INV-2026-00220,VND-2824,Dowerg,2026-06-15,1955.27,DE64043321819600133890,IT-Services,0,Normal
INV-2026-00221,VND-6574,Pohl,2025-12-03,3199.61,DE02708317278895798687,Instandhaltung,0,Normal
INV-2026-00222,VND-4611,Dörr,2026-09-24,2920.89,DE32607337543303654145,Instandhaltung,0,Normal
INV-2026-00223,VND-7912,Steckel Seip GmbH,2026-01-18,1805.61,DE60787133150983930103,Beratung,0,Normal
INV-2026-00224,VND-9279,Heß Haase OHG mbH,2026-08-24,3431.84,DE36534624751079911838,Bürobedarf,0,Normal
INV-2026-00225,VND-4657,Junk,2025-12-01,1373.37,DE52030564139537672423,Marketing,0,Normal
INV-2026-00226,VND-3547,Heinrich GmbH,2025-11-03,520.95,DE77231665876036690967,IT-Services,0,Normal
INV-2026-00227,VND-7924,Barth AG,2025-10-30,2997.72,DE70379176936763201632,Beratung,0,Normal
INV-2026-00228,VND-1434,Eigenwillig Keudel AG,2025-12-10,971.75,DE52354278498084124118,IT-Services,0,Normal
INV-2026-00229,VND-7912,Steckel Seip GmbH,2026-08-10,2939.29,DE60787133150983930103,Marketing,0,Normal
INV-2026-00230,VND-9279,Heß Haase OHG mbH,2026-02-03,3035.15,DE36534624751079911838,Instandhaltung,0,Normal
INV-2026-00231,VND-1488,Löchel Langern GmbH & Co. KG,2026-05-26,1196.92,DE62010651333872624731,Marketing,0,Normal
INV-2026-00232,VND-4527,Kitzmann GmbH,2026-07-24,1160.13,DE27668893734670656272,Bürobedarf,0,Normal
INV-2026-00233,VND-9935,Patberg AG,2026-08-23,2022.7,DE62489325288095701543,Bürobedarf,0,Normal
INV-2026-00234,VND-4582,Textor Wagenknecht e.V.,2026-05-16,200.58,DE43872343098050097882,Instandhaltung,0,Normal
INV-2026-00235,VND-7924,Barth AG,2026-09-29,1365.25,DE70379176936763201632,Bürobedarf,0,Normal
INV-2026-00236,VND-1409,Gumprich,2026-01-27,485.55,DE80863794026542351161,Marketing,0,Normal
INV-2026-00237,VND-5012,Kramer GbR,2026-03-26,3065.96,DE15752553419283276483,Instandhaltung,0,Normal
INV-2026-00238,VND-4527,Kitzmann GmbH,2025-11-24,1626.4,DE27668893734670656272,Bürobedarf,0,Normal
INV-2026-00239,VND-4611,Dörr,2026-04-07,3396.35,DE32607337543303654145,IT-Services,0,Normal
INV-2026-00240,VND-2424,Hendriks KG,2026-07-01,1218.04,DE36117182278248963834,Instandhaltung,0,Normal
INV-2026-00241,VND-5552,Weimer GmbH & Co. KGaA,2026-02-02,1183.55,DE67743487347143455812,Marketing,0,Normal
INV-2026-00242,VND-1520,Beckmann GmbH,2026-07-05,2212.46,DE29183473829973763116,Instandhaltung,0,Normal
INV-2026-00243,VND-1409,Gumprich,2026-03-12,2180.24,DE80863794026542351161,Bürobedarf,0,Normal
INV-2026-00244,VND-4527,Kitzmann GmbH,2026-01-20,1041.46,DE27668893734670656272,Bürobedarf,0,Normal
INV-2026-00245,VND-4582,Textor Wagenknecht e.V.,2026-04-19,3425.27,DE43872343098050097882,IT-Services,0,Normal
INV-2026-00076,VND-4657,Junk,2026-05-04,989.6,DE30340608835615951484,IT-Services,1,Doppelte Rechnung
INV-2026-00247,VND-1488,Löchel Langern GmbH & Co. KG,2026-04-16,1343.2,DE62010651333872624731,Bürobedarf,0,Normal
INV-2026-00248,VND-4582,Textor Wagenknecht e.V.,2026-03-26,2002.45,DE43872343098050097882,Bürobedarf,0,Normal
INV-2026-00249,VND-5506,Kaul Schleich GbR,2025-11-07,2152.75,DE04078161849593103413,Instandhaltung,0,Normal
INV-2026-00250,VND-9935,Patberg AG,2026-05-27,1766.95,DE62489325288095701543,Marketing,0,Normal
INV-2026-00251,VND-4811,Pechel AG,2025-10-22,2250.77,DE71219136193990916998,Instandhaltung,0,Normal
INV-2026-00252,VND-2824,Dowerg,2026-09-17,3151.23,DE64043321819600133890,Instandhaltung,0,Normal
INV-2026-00253,VND-8359,Pechel,2026-03-23,1935.76,DE30685014294019655698,IT-Services,0,Normal
INV-2026-00254,VND-1488,Löchel Langern GmbH & Co. KG,2026-07-19,3457.4,DE62010651333872624731,Beratung,0,Normal
INV-2026-00255,VND-4582,Textor Wagenknecht e.V.,2026-02-09,2431.58,DE43872343098050097882,Instandhaltung,0,Normal
INV-2026-00256,VND-2679,Krause GmbH,2026-05-29,3497.84,DE30978480184514627048,Instandhaltung,0,Normal
INV-2026-00257,VND-2535,Rogner Dippel AG,2026-01-12,2023.13,DE82801326773602606474,Marketing,0,Normal
INV-2026-00258,VND-5557,Krause KG,2025-10-17,1068.55,DE30340608835615951484,Instandhaltung,0,Normal
INV-2026-00259,VND-9928,Margraf,2025-11-11,3034.48,DE39868011280598262045,IT-Services,0,Normal
INV-2026-00260,VND-1106,Lange,2026-01-03,1763.71,DE55564823662994680443,Beratung,0,Normal
INV-2026-00261,VND-9935,Patberg AG,2026-06-25,2144.37,DE62489325288095701543,Beratung,0,Normal
INV-2026-00262,VND-2679,Krause GmbH,2026-08-27,2192.07,DE30978480184514627048,Bürobedarf,0,Normal
INV-2026-00263,VND-3547,Heinrich GmbH,2026-09-06,2214.73,DE77231665876036690967,IT-Services,0,Normal
INV-2026-00264,VND-4811,Pechel AG,2026-05-18,165.11,DE71219136193990916998,Beratung,0,Normal
INV-2026-00265,VND-5506,Kaul Schleich GbR,2026-05-23,3188.22,DE04078161849593103413,Beratung,0,Normal
INV-2026-00266,VND-3286,Rörricht,2025-10-15,742.74,DE52849696532871012269,Marketing,0,Normal
INV-2026-00267,VND-1488,Löchel Langern GmbH & Co. KG,2026-07-31,1881.44,DE62010651333872624731,Beratung,0,Normal
INV-2026-00268,VND-2424,Hendriks KG,2026-06-25,3203.47,DE36117182278248963834,Instandhaltung,0,Normal
INV-2026-00269,VND-7912,Steckel Seip GmbH,2026-08-22,2625.63,DE60787133150983930103,Beratung,0,Normal
INV-2026-00270,VND-4811,Pechel AG,2026-01-19,3371.98,DE71219136193990916998,Bürobedarf,0,Normal
INV-2026-00271,VND-9935,Patberg AG,2026-05-18,3017.49,DE62489325288095701543,Instandhaltung,0,Normal
INV-2026-00272,VND-7924,Barth AG,2025-10-22,1972.73,DE70379176936763201632,IT-Services,0,Normal
INV-2026-00273,VND-2824,Dowerg,2026-07-30,962.38,DE64043321819600133890,IT-Services,0,Normal
INV-2026-00274,VND-8359,Pechel,2026-07-27,2634.09,DE30685014294019655698,Beratung,0,Normal
INV-2026-00275,VND-6574,Pohl,2025-12-14,2252.99,DE02708317278895798687,Beratung,0,Normal
INV-2026-00276,VND-9935,Patberg AG,2026-04-07,1676.6,DE62489325288095701543,Marketing,0,Normal
INV-2026-00277,VND-4257,Heydrich GmbH,2026-04-26,1181.62,DE51935348740164005242,Marketing,0,Normal
INV-2026-00278,VND-5506,Kaul Schleich GbR,2026-06-17,2242.14,DE04078161849593103413,Instandhaltung,0,Normal
INV-2026-00279,VND-7912,Steckel Seip GmbH,2026-03-27,2289.88,DE60787133150983930103,IT-Services,0,Normal
INV-2026-00280,VND-1409,Gumprich,2026-09-27,1100.06,DE80863794026542351161,Instandhaltung,0,Normal
INV-2026-00281,VND-9935,Patberg AG,2026-01-23,3111.04,DE62489325288095701543,Bürobedarf,0,Normal
INV-2026-00282,VND-1488,Löchel Langern GmbH & Co. KG,2025-12-16,2363.18,DE62010651333872624731,Marketing,0,Normal
INV-2026-00283,VND-1106,Lange,2026-05-22,2556.77,DE55564823662994680443,Instandhaltung,0,Normal
INV-2026-00284,VND-6574,Pohl,2026-03-25,1738.25,DE02708317278895798687,Instandhaltung,0,Normal
INV-2026-00285,VND-2424,Hendriks KG,2026-06-10,162.87,DE36117182278248963834,Beratung,0,Normal
INV-2026-00286,VND-4811,Pechel AG,2026-08-19,3329.42,DE71219136193990916998,Beratung,0,Normal
INV-2026-00287,VND-8359,Pechel,2026-04-15,1317.31,DE58175655125674680715,Beratung,1,Abweichende IBAN
INV-2026-00288,VND-2679,Krause GmbH,2026-01-13,3390.31,DE30978480184514627048,Instandhaltung,0,Normal
INV-2026-00289,VND-2679,Krause GmbH,2026-02-09,2263.88,DE30978480184514627048,Marketing,0,Normal
INV-2026-00290,VND-1409,Gumprich,2025-11-21,2764.44,DE80863794026542351161,Bürobedarf,0,Normal
INV-2026-00291,VND-7924,Barth AG,2026-08-03,1997.79,DE70379176936763201632,IT-Services,0,Normal
INV-2026-00292,VND-4257,Heydrich GmbH,2026-03-12,764.69,DE51935348740164005242,Bürobedarf,0,Normal
INV-2026-00293,VND-9935,Patberg AG,2026-09-07,1183.53,DE62489325288095701543,Bürobedarf,0,Normal
INV-2026-00294,VND-7873,Klemt AG & Co. OHG,2026-04-24,59.78,DE82315869232260256342,Bürobedarf,0,Normal
INV-2026-00295,VND-4257,Heydrich GmbH,2026-08-23,914.76,DE51935348740164005242,Bürobedarf,0,Normal
INV-2026-00296,VND-5552,Weimer GmbH & Co. KGaA,2025-10-07,138.94,DE67743487347143455812,IT-Services,0,Normal
INV-2026-00297,VND-7924,Barth AG,2026-06-19,870.86,DE85876038597703482477,Beratung,1,Abweichende IBAN
INV-2026-00298,VND-1409,Gumprich,2025-11-23,487.32,DE80863794026542351161,Instandhaltung,0,Normal
INV-2026-00299,VND-1106,Lange,2025-10-18,269.28,DE55564823662994680443,Instandhaltung,0,Normal
INV-2026-00300,VND-1434,Eigenwillig Keudel AG,2026-06-08,2098.15,DE52354278498084124118,Instandhaltung,0,Normal
INV-2026-00301,VND-7873,Klemt AG & Co. OHG,2026-05-31,199.61,DE82315869232260256342,Marketing,0,Normal
INV-2026-00302,VND-4611,Dörr,2026-08-13,3375.89,DE32607337543303654145,IT-Services,0,Normal
INV-2026-00303,VND-5552,Weimer GmbH & Co. KGaA,2026-01-07,1435.58,DE67743487347143455812,IT-Services,0,Normal
INV-2026-00304,VND-4527,Kitzmann GmbH,2026-07-09,1580.29,DE27668893734670656272,IT-Services,0,Normal
INV-2026-00305,VND-4657,Junk,2025-12-07,276.6,DE52030564139537672423,Beratung,0,Normal
INV-2026-00306,VND-9928,Margraf,2026-02-04,1941.83,DE39868011280598262045,Beratung,0,Normal
INV-2026-00307,VND-7873,Klemt AG & Co. OHG,2026-05-08,1880.42,DE82315869232260256342,Instandhaltung,0,Normal
INV-2026-00308,VND-4582,Textor Wagenknecht e.V.,2025-10-12,392.17,DE43872343098050097882,IT-Services,0,Normal
INV-2026-00309,VND-4611,Dörr,2026-05-09,3078.09,DE32607337543303654145,Marketing,0,Normal
INV-2026-00310,VND-2679,Krause GmbH,2026-03-14,1533.74,DE30978480184514627048,Bürobedarf,0,Normal
INV-2026-00311,VND-6574,Pohl,2025-11-12,1614.57,DE02708317278895798687,Instandhaltung,0,Normal
INV-2026-00312,VND-1520,Beckmann GmbH,2026-01-02,1522.34,DE29183473829973763116,Beratung,0,Normal
INV-2026-00048,VND-7924,Barth AG,2026-08-29,3022.77,DE52030564139537672423,Instandhaltung,1,Doppelte Rechnung
INV-2026-00314,VND-4582,Textor Wagenknecht e.V.,2026-09-26,383.15,DE43872343098050097882,Beratung,0,Normal
INV-2026-00315,VND-4257,Heydrich GmbH,2025-11-20,256.93,DE51935348740164005242,Marketing,0,Normal
INV-2026-00316,VND-8359,Pechel,2026-04-04,471.7,DE30685014294019655698,Beratung,0,Normal
INV-2026-00317,VND-3615,Zimmer Sager KG,2025-11-21,1509.13,DE95577738721489513433,IT-Services,0,Normal
INV-2026-00318,VND-7873,Klemt AG & Co. OHG,2026-06-15,1127.95,DE82315869232260256342,IT-Services,0,Normal
INV-2026-00319,VND-2679,Krause GmbH,2026-08-26,583.82,DE30978480184514627048,Instandhaltung,0,Normal
INV-2026-00320,VND-5012,Kramer GbR,2025-12-05,1257.89,DE15752553419283276483,Marketing,0,Normal
INV-2026-00321,VND-3615,Zimmer Sager KG,2026-04-18,1011.06,DE95577738721489513433,Bürobedarf,0,Normal
INV-2026-00322,VND-5552,Weimer GmbH & Co. KGaA,2026-10-04,1985.33,DE67743487347143455812,Marketing,0,Normal
INV-2026-00323,VND-4611,Dörr,2026-07-12,1970.75,DE32607337543303654145,Marketing,0,Normal
INV-2026-00324,VND-6574,Pohl,2026-01-28,2442.48,DE02708317278895798687,IT-Services,0,Normal
INV-2026-00325,VND-5557,Krause KG,2026-04-22,2680.31,DE30340608835615951484,Beratung,0,Normal
INV-2026-00326,VND-3286,Rörricht,2026-07-07,3051.03,DE52849696532871012269,Marketing,0,Normal
INV-2026-00327,VND-5506,Kaul Schleich GbR,2026-01-21,539.47,DE04078161849593103413,IT-Services,0,Normal
INV-2026-00328,VND-1434,Eigenwillig Keudel AG,2026-03-17,792.21,DE52354278498084124118,Instandhaltung,0,Normal
INV-2026-00329,VND-3286,Rörricht,2026-08-27,1326.68,DE52849696532871012269,Beratung,0,Normal
INV-2026-00330,VND-9928,Margraf,2026-04-12,2106.97,DE39868011280598262045,IT-Services,0,Normal
INV-2026-00331,VND-3615,Zimmer Sager KG,2026-04-08,2181.54,DE95577738721489513433,IT-Services,0,Normal
INV-2026-00332,VND-8359,Pechel,2026-01-09,1512.85,DE30685014294019655698,Marketing,0,Normal
INV-2026-00333,VND-2424,Hendriks KG,2026-04-02,793.71,DE36117182278248963834,Marketing,0,Normal
INV-2026-00334,VND-4582,Textor Wagenknecht e.V.,2026-05-09,432.57,DE43872343098050097882,Marketing,0,Normal
INV-2026-00335,VND-8359,Pechel,2025-12-02,1114.05,DE30685014294019655698,Bürobedarf,0,Normal
INV-2026-00336,VND-7873,Klemt AG & Co. OHG,2026-03-04,239.0,DE82315869232260256342,Bürobedarf,0,Normal
INV-2026-00337,VND-2679,Krause GmbH,2025-12-20,2697.36,DE30978480184514627048,Beratung,0,Normal
INV-2026-00338,VND-5012,Kramer GbR,2026-09-30,76.67,DE15752553419283276483,Instandhaltung,0,Normal
INV-2026-00339,VND-2535,Rogner Dippel AG,2026-05-27,1887.41,DE82801326773602606474,Bürobedarf,0,Normal
INV-2026-00224,VND-9279,Heß Haase OHG mbH,2026-04-22,3431.84,DE02708317278895798687,Beratung,1,Doppelte Rechnung
INV-2026-00341,VND-2824,Dowerg,2026-07-23,1636.15,DE64043321819600133890,IT-Services,0,Normal
INV-2026-00342,VND-9928,Margraf,2026-09-13,1531.03,DE39868011280598262045,Instandhaltung,0,Normal
INV-2026-00343,VND-4582,Textor Wagenknecht e.V.,2025-11-29,1048.83,DE82146584044997278755,Instandhaltung,1,Abweichende IBAN
INV-2026-00344,VND-3286,Rörricht,2026-05-09,2814.56,DE52849696532871012269,Marketing,0,Normal
INV-2026-00345,VND-5557,Krause KG,2026-07-30,3223.21,DE30340608835615951484,IT-Services,0,Normal
INV-2026-00346,VND-5012,Kramer GbR,2026-05-06,889.44,DE15752553419283276483,Marketing,0,Normal
INV-2026-00347,VND-5506,Kaul Schleich GbR,2026-03-02,1415.4,DE04078161849593103413,Beratung,0,Normal
INV-2026-00272,VND-7924,Barth AG,2026-04-01,1972.73,DE62489325288095701543,Bürobedarf,1,Doppelte Rechnung
INV-2026-00349,VND-1434,Eigenwillig Keudel AG,2026-10-04,718.97,DE52354278498084124118,Beratung,0,Normal
INV-2026-00350,VND-6574,Pohl,2026-02-08,2276.78,DE02708317278895798687,Bürobedarf,0,Normal
INV-2026-00351,VND-4657,Junk,2026-09-09,933.09,DE52030564139537672423,Bürobedarf,0,Normal
INV-2026-00352,VND-3615,Zimmer Sager KG,2025-12-19,2669.08,DE95577738721489513433,IT-Services,0,Normal
INV-2026-00353,VND-3615,Zimmer Sager KG,2026-07-04,2216.42,DE95577738721489513433,Instandhaltung,0,Normal
INV-2026-00354,VND-3615,Zimmer Sager KG,2026-01-07,2049.16,DE95577738721489513433,Marketing,0,Normal
INV-2026-00355,VND-7873,Klemt AG & Co. OHG,2026-05-17,1165.07,DE82315869232260256342,Beratung,0,Normal
INV-2026-00356,VND-5506,Kaul Schleich GbR,2026-03-04,1667.78,DE04078161849593103413,Beratung,0,Normal
INV-2026-00357,VND-9928,Margraf,2026-01-10,243.79,DE39868011280598262045,Marketing,1,Wochenend-Buchung
INV-2026-00358,VND-4811,Pechel AG,2026-09-04,179.74,DE71219136193990916998,Beratung,0,Normal
INV-2026-00359,VND-5506,Kaul Schleich GbR,2026-08-04,2274.1,DE04078161849593103413,IT-Services,0,Normal
INV-2026-00360,VND-1434,Eigenwillig Keudel AG,2026-03-15,1376.46,DE52354278498084124118,Marketing,0,Normal
INV-2026-00361,VND-7924,Barth AG,2025-10-23,2599.28,DE70379176936763201632,IT-Services,0,Normal
INV-2026-00362,VND-7924,Barth AG,2026-02-07,2022.22,DE70379176936763201632,Bürobedarf,0,Normal
INV-2026-00363,VND-9279,Heß Haase OHG mbH,2026-07-23,1779.72,DE36534624751079911838,IT-Services,0,Normal
INV-2026-00364,VND-7924,Barth AG,2026-04-08,3151.99,DE70379176936763201632,Beratung,0,Normal
INV-2026-00365,VND-5506,Kaul Schleich GbR,2026-07-11,1790.69,DE04078161849593103413,Bürobedarf,1,Wochenend-Buchung
INV-2026-00366,VND-4811,Pechel AG,2026-09-26,1858.04,DE71219136193990916998,Marketing,0,Normal
INV-2026-00367,VND-1488,Löchel Langern GmbH & Co. KG,2026-08-18,3216.88,DE62010651333872624731,Instandhaltung,0,Normal
INV-2026-00368,VND-1520,Beckmann GmbH,2026-03-04,2392.2,DE29183473829973763116,IT-Services,0,Normal
INV-2026-00369,VND-4611,Dörr,2026-03-05,1204.54,DE32607337543303654145,Beratung,0,Normal
INV-2026-00370,VND-8359,Pechel,2026-06-21,1383.65,DE30685014294019655698,Beratung,0,Normal
INV-2026-00371,VND-8359,Pechel,2026-08-10,3377.21,DE30685014294019655698,Marketing,0,Normal
INV-2026-00372,VND-1520,Beckmann GmbH,2026-08-21,331.18,DE29183473829973763116,Bürobedarf,0,Normal
INV-2026-00373,VND-7912,Steckel Seip GmbH,2026-06-17,3388.55,DE60787133150983930103,Instandhaltung,0,Normal
INV-2026-00374,VND-5557,Krause KG,2025-12-05,3286.11,DE30340608835615951484,Beratung,0,Normal
INV-2026-00375,VND-4611,Dörr,2026-04-17,2781.23,DE32607337543303654145,Bürobedarf,0,Normal
INV-2026-00376,VND-6574,Pohl,2025-10-21,3317.52,DE02708317278895798687,Marketing,0,Normal
INV-2026-00377,VND-8359,Pechel,2025-11-25,1510.75,DE35895171870262174596,Beratung,1,Abweichende IBAN
INV-2026-00378,VND-3286,Rörricht,2026-06-16,3331.53,DE52849696532871012269,Beratung,0,Normal
INV-2026-00379,VND-9279,Heß Haase OHG mbH,2025-11-07,712.42,DE36534624751079911838,Bürobedarf,0,Normal
INV-2026-00380,VND-7912,Steckel Seip GmbH,2026-09-02,2963.28,DE60787133150983930103,IT-Services,0,Normal
INV-2026-00381,VND-4257,Heydrich GmbH,2026-02-11,2931.16,DE48865780913431611724,Marketing,1,Abweichende IBAN
INV-2026-00382,VND-3547,Heinrich GmbH,2026-09-22,2693.76,DE77231665876036690967,Bürobedarf,0,Normal
INV-2026-00383,VND-4657,Junk,2025-10-18,609.75,DE52030564139537672423,Marketing,0,Normal
INV-2026-00384,VND-3286,Rörricht,2025-10-24,2538.08,DE52849696532871012269,IT-Services,0,Normal
INV-2026-00385,VND-8359,Pechel,2026-02-09,2532.57,DE30685014294019655698,Instandhaltung,0,Normal
INV-2026-00386,VND-3615,Zimmer Sager KG,2026-08-12,2632.45,DE95577738721489513433,Instandhaltung,0,Normal
INV-2026-00387,VND-9935,Patberg AG,2025-10-28,1117.66,DE62489325288095701543,Instandhaltung,0,Normal
INV-2026-00388,VND-2679,Krause GmbH,2026-01-28,1319.05,DE30978480184514627048,Marketing,0,Normal
INV-2026-00389,VND-4811,Pechel AG,2026-02-23,2704.56,DE71219136193990916998,Instandhaltung,0,Normal
INV-2026-00390,VND-4582,Textor Wagenknecht e.V.,2026-03-01,3383.63,DE43872343098050097882,Bürobedarf,0,Normal
INV-2026-00391,VND-4657,Junk,2026-03-23,3061.86,DE52030564139537672423,IT-Services,0,Normal
INV-2026-00392,VND-5552,Weimer GmbH & Co. KGaA,2025-12-02,1330.68,DE67743487347143455812,IT-Services,0,Normal
INV-2026-00393,VND-1434,Eigenwillig Keudel AG,2026-01-09,2986.52,DE52354278498084124118,Beratung,0,Normal
INV-2026-00394,VND-3286,Rörricht,2026-05-01,991.13,DE52849696532871012269,Marketing,0,Normal
INV-2026-00395,VND-4582,Textor Wagenknecht e.V.,2026-03-16,366.41,DE43872343098050097882,Bürobedarf,0,Normal
INV-2026-00396,VND-3547,Heinrich GmbH,2026-05-14,1256.07,DE77231665876036690967,IT-Services,0,Normal
INV-2026-00397,VND-2535,Rogner Dippel AG,2026-06-28,1781.92,DE82801326773602606474,Bürobedarf,0,Normal
INV-2026-00398,VND-5506,Kaul Schleich GbR,2026-08-10,1343.45,DE04078161849593103413,IT-Services,0,Normal
INV-2026-00399,VND-5012,Kramer GbR,2025-12-15,2945.16,DE15752553419283276483,Beratung,0,Normal
INV-2026-00400,VND-4657,Junk,2025-12-12,182.15,DE52030564139537672423,Instandhaltung,0,Normal
INV-2026-00401,VND-4657,Junk,2025-12-13,2668.0,DE52030564139537672423,Instandhaltung,0,Normal
INV-2026-00402,VND-2824,Dowerg,2025-11-06,3175.21,DE64043321819600133890,IT-Services,0,Normal
INV-2026-00403,VND-6574,Pohl,2026-05-31,565.84,DE02708317278895798687,Marketing,0,Normal
INV-2026-00404,VND-5012,Kramer GbR,2026-09-10,2727.8,DE15752553419283276483,Bürobedarf,0,Normal
INV-2026-00405,VND-1409,Gumprich,2026-03-04,872.62,DE80863794026542351161,Marketing,0,Normal
INV-2026-00406,VND-5012,Kramer GbR,2026-06-04,2936.57,DE15752553419283276483,Instandhaltung,0,Normal
INV-2026-00407,VND-2824,Dowerg,2026-06-29,2230.24,DE64043321819600133890,Marketing,0,Normal
INV-2026-00408,VND-4657,Junk,2026-01-08,1054.89,DE52030564139537672423,IT-Services,0,Normal
INV-2026-00409,VND-9935,Patberg AG,2026-04-18,2018.79,DE62489325288095701543,Bürobedarf,0,Normal
INV-2026-00200,VND-6574,Pohl,2026-09-26,2013.76,DE04078161849593103413,Beratung,1,Doppelte Rechnung
INV-2026-00411,VND-5552,Weimer GmbH & Co. KGaA,2026-05-21,1671.97,DE67743487347143455812,Instandhaltung,0,Normal
INV-2026-00412,VND-2424,Hendriks KG,2025-12-01,2628.24,DE36117182278248963834,Beratung,0,Normal
INV-2026-00413,VND-1488,Löchel Langern GmbH & Co. KG,2026-01-05,881.88,DE62010651333872624731,IT-Services,0,Normal
INV-2026-00414,VND-1106,Lange,2026-04-04,2660.54,DE67474074821759464743,Bürobedarf,1,Abweichende IBAN
INV-2026-00415,VND-6574,Pohl,2026-03-05,2267.64,DE02708317278895798687,Instandhaltung,0,Normal
INV-2026-00416,VND-9279,Heß Haase OHG mbH,2026-09-05,2229.49,DE36534624751079911838,Bürobedarf,1,Wochenend-Buchung
INV-2026-00417,VND-1409,Gumprich,2026-04-12,1062.38,DE80863794026542351161,IT-Services,0,Normal
INV-2026-00418,VND-3547,Heinrich GmbH,2025-11-17,194.58,DE77231665876036690967,Beratung,0,Normal
INV-2026-00419,VND-6574,Pohl,2026-01-07,60763.86,DE02708317278895798687,Beratung,1,Ungewöhnlich hoher Betrag
INV-2026-00420,VND-5552,Weimer GmbH & Co. KGaA,2026-03-04,2743.9,DE67743487347143455812,Beratung,0,Normal
INV-2026-00421,VND-7924,Barth AG,2026-05-17,1319.67,DE70379176936763201632,Instandhaltung,0,Normal
INV-2026-00422,VND-3547,Heinrich GmbH,2026-02-23,3349.85,DE77231665876036690967,Beratung,0,Normal
INV-2026-00423,VND-9279,Heß Haase OHG mbH,2026-05-18,2437.64,DE36534624751079911838,Beratung,0,Normal
INV-2026-00424,VND-1434,Eigenwillig Keudel AG,2026-01-29,970.19,DE52354278498084124118,IT-Services,0,Normal
INV-2026-00425,VND-5506,Kaul Schleich GbR,2026-07-05,1535.59,DE04078161849593103413,Bürobedarf,0,Normal
INV-2026-00426,VND-1520,Beckmann GmbH,2026-01-29,403.96,DE29183473829973763116,Beratung,0,Normal
INV-2026-00427,VND-7912,Steckel Seip GmbH,2025-10-15,1588.41,DE60787133150983930103,Instandhaltung,0,Normal
INV-2026-00428,VND-4811,Pechel AG,2026-08-25,1262.84,DE71219136193990916998,IT-Services,0,Normal
INV-2026-00429,VND-4527,Kitzmann GmbH,2026-06-19,1266.33,DE27668893734670656272,Instandhaltung,0,Normal
INV-2026-00430,VND-7924,Barth AG,2026-03-09,3320.27,DE70379176936763201632,IT-Services,0,Normal
INV-2026-00431,VND-2535,Rogner Dippel AG,2026-01-21,1303.42,DE82801326773602606474,Bürobedarf,0,Normal
INV-2026-00121,VND-7873,Klemt AG & Co. OHG,2025-10-10,1144.68,DE52030564139537672423,Instandhaltung,1,Doppelte Rechnung
INV-2026-00433,VND-3615,Zimmer Sager KG,2026-05-14,2275.81,DE95577738721489513433,Beratung,0,Normal
INV-2026-00434,VND-9928,Margraf,2026-09-07,161.73,DE39868011280598262045,Bürobedarf,0,Normal
INV-2026-00435,VND-1488,Löchel Langern GmbH & Co. KG,2026-06-30,1333.45,DE62010651333872624731,IT-Services,0,Normal
INV-2026-00436,VND-1434,Eigenwillig Keudel AG,2026-08-05,1315.98,DE52354278498084124118,Beratung,0,Normal
INV-2026-00437,VND-9935,Patberg AG,2026-07-23,3363.79,DE62489325288095701543,IT-Services,0,Normal
INV-2026-00438,VND-9279,Heß Haase OHG mbH,2025-10-26,1836.22,DE36534624751079911838,Marketing,0,Normal
INV-2026-00439,VND-3615,Zimmer Sager KG,2026-09-25,948.0,DE95577738721489513433,Instandhaltung,0,Normal
INV-2026-00440,VND-7873,Klemt AG & Co. OHG,2026-05-30,1035.24,DE82315869232260256342,Instandhaltung,0,Normal
INV-2026-00441,VND-4657,Junk,2026-07-23,2992.25,DE52030564139537672423,Instandhaltung,0,Normal
INV-2026-00442,VND-5557,Krause KG,2026-04-17,1585.63,DE30340608835615951484,IT-Services,0,Normal
INV-2026-00443,VND-5552,Weimer GmbH & Co. KGaA,2026-08-26,3453.68,DE67743487347143455812,Beratung,0,Normal
INV-2026-00444,VND-4257,Heydrich GmbH,2026-09-23,1920.49,DE51935348740164005242,Beratung,0,Normal
INV-2026-00445,VND-5557,Krause KG,2026-09-22,2498.0,DE30340608835615951484,Bürobedarf,0,Normal
INV-2026-00446,VND-1434,Eigenwillig Keudel AG,2026-01-26,823.63,DE52354278498084124118,Bürobedarf,0,Normal
INV-2026-00447,VND-9935,Patberg AG,2026-08-04,2776.79,DE62489325288095701543,IT-Services,0,Normal
INV-2026-00448,VND-9928,Margraf,2026-08-13,1322.74,DE39868011280598262045,Marketing,0,Normal
INV-2026-00449,VND-3547,Heinrich GmbH,2026-01-04,347.44,DE77231665876036690967,Beratung,0,Normal
INV-2026-00450,VND-5557,Krause KG,2026-05-30,2530.1,DE30340608835615951484,Marketing,0,Normal
INV-2026-00451,VND-4582,Textor Wagenknecht e.V.,2026-08-14,2890.52,DE43872343098050097882,IT-Services,0,Normal
INV-2026-00452,VND-1520,Beckmann GmbH,2026-02-20,2266.07,DE29183473829973763116,Instandhaltung,0,Normal
INV-2026-00453,VND-1434,Eigenwillig Keudel AG,2025-12-31,1238.58,DE52354278498084124118,Marketing,0,Normal
INV-2026-00454,VND-3286,Rörricht,2026-06-11,2698.85,DE52849696532871012269,Bürobedarf,0,Normal
INV-2026-00455,VND-4527,Kitzmann GmbH,2025-12-19,3045.33,DE27668893734670656272,IT-Services,0,Normal
INV-2026-00456,VND-7912,Steckel Seip GmbH,2026-06-05,618.07,DE60787133150983930103,Beratung,0,Normal
INV-2026-00457,VND-9935,Patberg AG,2026-01-12,1243.78,DE62489325288095701543,Marketing,0,Normal
INV-2026-00458,VND-5552,Weimer GmbH & Co. KGaA,2026-06-27,322.07,DE67743487347143455812,Bürobedarf,0,Normal
INV-2026-00459,VND-4257,Heydrich GmbH,2026-07-27,996.86,DE51935348740164005242,Beratung,0,Normal
INV-2026-00460,VND-5506,Kaul Schleich GbR,2026-07-13,1783.88,DE04078161849593103413,Bürobedarf,0,Normal
INV-2026-00461,VND-9928,Margraf,2026-08-01,581.97,DE39868011280598262045,Marketing,0,Normal
INV-2026-00042,VND-5506,Kaul Schleich GbR,2026-06-20,59809.66,DE82315869232260256342,Marketing,1,Doppelte Rechnung
INV-2026-00463,VND-1409,Gumprich,2026-06-28,3322.49,DE80863794026542351161,Marketing,0,Normal
INV-2026-00464,VND-2679,Krause GmbH,2026-08-28,2696.01,DE30978480184514627048,Instandhaltung,0,Normal
INV-2026-00465,VND-2824,Dowerg,2025-11-29,1768.23,DE64043321819600133890,Marketing,0,Normal
INV-2026-00466,VND-7912,Steckel Seip GmbH,2026-06-07,1716.16,DE60787133150983930103,Instandhaltung,0,Normal
INV-2026-00467,VND-5506,Kaul Schleich GbR,2025-11-13,2425.72,DE04078161849593103413,Bürobedarf,0,Normal
INV-2026-00468,VND-9279,Heß Haase OHG mbH,2026-09-22,1652.33,DE36534624751079911838,Beratung,0,Normal
INV-2026-00469,VND-1520,Beckmann GmbH,2026-06-07,3022.12,DE29183473829973763116,Beratung,0,Normal
INV-2026-00470,VND-5552,Weimer GmbH & Co. KGaA,2026-06-15,1241.53,DE67743487347143455812,Instandhaltung,0,Normal
INV-2026-00471,VND-1488,Löchel Langern GmbH & Co. KG,2025-10-22,1826.68,DE62010651333872624731,IT-Services,0,Normal
INV-2026-00472,VND-4811,Pechel AG,2026-02-03,472.7,DE71219136193990916998,Instandhaltung,0,Normal
INV-2026-00473,VND-5012,Kramer GbR,2026-08-09,224.59,DE15752553419283276483,Instandhaltung,0,Normal
INV-2026-00474,VND-4582,Textor Wagenknecht e.V.,2026-03-27,906.53,DE43872343098050097882,Bürobedarf,0,Normal
INV-2026-00475,VND-4527,Kitzmann GmbH,2025-10-19,2043.02,DE27668893734670656272,Beratung,0,Normal
INV-2026-00476,VND-3286,Rörricht,2026-05-20,1769.02,DE52849696532871012269,Marketing,0,Normal
INV-2026-00477,VND-3547,Heinrich GmbH,2026-02-25,1114.46,DE77231665876036690967,IT-Services,0,Normal
INV-2026-00478,VND-2535,Rogner Dippel AG,2026-07-18,1793.78,DE82801326773602606474,Bürobedarf,0,Normal
INV-2026-00479,VND-1488,Löchel Langern GmbH & Co. KG,2025-11-27,217.87,DE62010651333872624731,Beratung,0,Normal
INV-2026-00480,VND-3547,Heinrich GmbH,2025-11-11,2957.83,DE77231665876036690967,Instandhaltung,0,Normal
INV-2026-00481,VND-2824,Dowerg,2026-09-25,2972.74,DE64043321819600133890,Instandhaltung,0,Normal
INV-2026-00482,VND-2424,Hendriks KG,2026-01-29,2559.9,DE36117182278248963834,Instandhaltung,0,Normal
INV-2026-00483,VND-2535,Rogner Dippel AG,2026-02-10,226.49,DE82801326773602606474,Marketing,0,Normal
INV-2026-00484,VND-4257,Heydrich GmbH,2026-07-24,1045.68,DE51935348740164005242,Instandhaltung,0,Normal
INV-2026-00485,VND-3615,Zimmer Sager KG,2026-03-17,1947.01,DE95577738721489513433,Marketing,0,Normal
INV-2026-00486,VND-5012,Kramer GbR,2025-12-14,493.89,DE15752553419283276483,IT-Services,0,Normal
INV-2026-00487,VND-7924,Barth AG,2025-12-23,3454.42,DE70379176936763201632,Marketing,0,Normal
INV-2026-00488,VND-3615,Zimmer Sager KG,2025-11-27,547.72,DE95577738721489513433,Marketing,0,Normal
INV-2026-00489,VND-1434,Eigenwillig Keudel AG,2026-08-08,188.88,DE52354278498084124118,IT-Services,0,Normal
INV-2026-00490,VND-1520,Beckmann GmbH,2026-05-04,2823.68,DE29183473829973763116,Marketing,0,Normal
INV-2026-00491,VND-7873,Klemt AG & Co. OHG,2026-09-12,3131.3,DE82315869232260256342,Bürobedarf,0,Normal
INV-2026-00492,VND-7873,Klemt AG & Co. OHG,2026-02-26,1148.93,DE82315869232260256342,Instandhaltung,0,Normal
INV-2026-00493,VND-1106,Lange,2026-05-01,2956.98,DE55564823662994680443,Marketing,0,Normal
INV-2026-00494,VND-6574,Pohl,2026-04-19,1808.51,DE02708317278895798687,Instandhaltung,0,Normal
INV-2026-00495,VND-7912,Steckel Seip GmbH,2026-09-26,1688.38,DE60787133150983930103,IT-Services,0,Normal
INV-2026-00496,VND-8359,Pechel,2026-01-20,428.14,DE30685014294019655698,Instandhaltung,0,Normal
INV-2026-00497,VND-7924,Barth AG,2026-08-25,3150.75,DE70379176936763201632,IT-Services,0,Normal
INV-2026-00498,VND-2424,Hendriks KG,2025-12-09,3386.39,DE36117182278248963834,Marketing,0,Normal
INV-2026-00499,VND-1106,Lange,2026-01-14,227.18,DE55564823662994680443,Instandhaltung,0,Normal
INV-2026-00500,VND-4611,Dörr,2026-09-26,2538.08,DE32607337543303654145,Instandhaltung,0,Normal
INV-2026-00501,VND-8359,Pechel,2026-08-23,885.58,DE30685014294019655698,Marketing,0,Normal
INV-2026-00502,VND-5012,Kramer GbR,2026-04-12,708.21,DE15752553419283276483,Instandhaltung,0,Normal
INV-2026-00503,VND-4657,Junk,2026-08-16,1474.71,DE52030564139537672423,Bürobedarf,0,Normal
INV-2026-00504,VND-3615,Zimmer Sager KG,2026-01-29,2159.6,DE95577738721489513433,Instandhaltung,0,Normal
INV-2026-00505,VND-1106,Lange,2026-07-23,2559.54,DE55564823662994680443,Bürobedarf,0,Normal
INV-2026-00506,VND-4257,Heydrich GmbH,2026-09-10,1171.42,DE51935348740164005242,Instandhaltung,0,Normal
INV-2026-00507,VND-1520,Beckmann GmbH,2026-02-15,3350.56,DE29183473829973763116,Instandhaltung,0,Normal
INV-2026-00508,VND-1520,Beckmann GmbH,2026-08-15,1934.64,DE29183473829973763116,Beratung,0,Normal
INV-2026-00509,VND-2679,Krause GmbH,2025-11-20,3352.81,DE30978480184514627048,Beratung,0,Normal
INV-2026-00510,VND-9935,Patberg AG,2026-04-06,3298.13,DE62489325288095701543,Beratung,0,Normal
INV-2026-00511,VND-5557,Krause KG,2025-11-05,765.11,DE30340608835615951484,Instandhaltung,0,Normal
INV-2026-00512,VND-1488,Löchel Langern GmbH & Co. KG,2025-11-30,1983.68,DE62010651333872624731,Beratung,0,Normal
INV-2026-00513,VND-9928,Margraf,2026-07-26,2384.35,DE39868011280598262045,Instandhaltung,0,Normal
INV-2026-00514,VND-2535,Rogner Dippel AG,2026-01-02,2873.4,DE82801326773602606474,Bürobedarf,0,Normal
INV-2026-00515,VND-7912,Steckel Seip GmbH,2026-09-06,3345.83,DE60787133150983930103,IT-Services,0,Normal
INV-2026-00516,VND-4811,Pechel AG,2026-06-26,2313.1,DE71219136193990916998,Instandhaltung,0,Normal
INV-2026-00517,VND-6574,Pohl,2026-07-15,1908.09,DE02708317278895798687,Marketing,0,Normal
INV-2026-00518,VND-4657,Junk,2026-06-25,426.83,DE52030564139537672423,Marketing,0,Normal
INV-2026-00519,VND-1409,Gumprich,2026-03-10,2360.93,DE80863794026542351161,Marketing,0,Normal
INV-2026-00520,VND-9935,Patberg AG,2026-08-31,231.09,DE62489325288095701543,Instandhaltung,0,Normal
INV-2026-00521,VND-9279,Heß Haase OHG mbH,2026-08-15,75863.43,DE36534624751079911838,Bürobedarf,1,Ungewöhnlich hoher Betrag
INV-2026-00522,VND-4527,Kitzmann GmbH,2026-05-11,3088.23,DE27668893734670656272,Instandhaltung,0,Normal
INV-2026-00523,VND-2679,Krause GmbH,2026-02-26,2657.89,DE30978480184514627048,Beratung,0,Normal
INV-2026-00524,VND-4611,Dörr,2025-11-11,254.11,DE32607337543303654145,IT-Services,0,Normal
INV-2026-00525,VND-9935,Patberg AG,2026-08-10,1896.28,DE62489325288095701543,IT-Services,0,Normal
INV-2026-00526,VND-3286,Rörricht,2026-03-09,1491.7,DE52849696532871012269,Bürobedarf,0,Normal
INV-2026-00527,VND-1409,Gumprich,2025-10-12,3490.24,DE80863794026542351161,Instandhaltung,0,Normal
INV-2026-00528,VND-3286,Rörricht,2026-01-17,3281.3,DE52849696532871012269,Beratung,0,Normal
INV-2026-00529,VND-2824,Dowerg,2026-05-03,1079.45,DE64043321819600133890,Marketing,0,Normal
INV-2026-00530,VND-1520,Beckmann GmbH,2025-11-23,1031.74,DE29183473829973763116,Marketing,0,Normal
INV-2026-00531,VND-3547,Heinrich GmbH,2026-04-01,3288.03,DE77231665876036690967,Marketing,0,Normal
INV-2026-00532,VND-2679,Krause GmbH,2026-02-27,2840.41,DE30978480184514627048,Beratung,0,Normal
INV-2026-00533,VND-4811,Pechel AG,2026-06-25,2286.58,DE74496513709859317461,Bürobedarf,1,Abweichende IBAN
INV-2026-00534,VND-7924,Barth AG,2025-11-30,1067.83,DE70379176936763201632,Bürobedarf,0,Normal
INV-2026-00535,VND-5552,Weimer GmbH & Co. KGaA,2025-10-24,2253.6,DE67743487347143455812,Instandhaltung,0,Normal
INV-2026-00536,VND-1434,Eigenwillig Keudel AG,2025-10-21,1181.35,DE52354278498084124118,Instandhaltung,0,Normal
INV-2026-00537,VND-3286,Rörricht,2026-02-02,3436.81,DE52849696532871012269,Instandhaltung,0,Normal
INV-2026-00538,VND-9935,Patberg AG,2026-04-16,73.56,DE62489325288095701543,Instandhaltung,0,Normal
INV-2026-00539,VND-3615,Zimmer Sager KG,2025-11-21,971.13,DE95577738721489513433,Beratung,0,Normal
INV-2026-00540,VND-1106,Lange,2025-11-13,2026.43,DE55564823662994680443,Beratung,0,Normal
INV-2026-00541,VND-5557,Krause KG,2026-01-06,865.24,DE30340608835615951484,IT-Services,0,Normal
INV-2026-00542,VND-3286,Rörricht,2026-09-16,1448.69,DE52849696532871012269,Marketing,0,Normal
INV-2026-00543,VND-3547,Heinrich GmbH,2026-05-03,2477.27,DE77231665876036690967,Beratung,0,Normal
INV-2026-00544,VND-4611,Dörr,2025-11-28,3210.65,DE32607337543303654145,Beratung,0,Normal
INV-2026-00545,VND-9935,Patberg AG,2026-03-06,805.99,DE62489325288095701543,Bürobedarf,0,Normal
INV-2026-00546,VND-4811,Pechel AG,2026-04-01,2629.69,DE71219136193990916998,Marketing,0,Normal
INV-2026-00547,VND-5557,Krause KG,2026-02-28,1944.86,DE30340608835615951484,Instandhaltung,0,Normal
INV-2026-00548,VND-7924,Barth AG,2026-06-24,2341.13,DE70379176936763201632,Bürobedarf,0,Normal
INV-2026-00549,VND-8359,Pechel,2026-07-22,2653.85,DE30685014294019655698,IT-Services,0,Normal
INV-2026-00550,VND-1434,Eigenwillig Keudel AG,2026-07-04,2477.99,DE52354278498084124118,IT-Services,0,Normal
INV-2026-00551,VND-5012,Kramer GbR,2026-05-04,263.07,DE15752553419283276483,Marketing,0,Normal
INV-2026-00552,VND-2679,Krause GmbH,2026-03-18,2025.82,DE30978480184514627048,Bürobedarf,0,Normal
INV-2026-00553,VND-5552,Weimer GmbH & Co. KGaA,2026-05-23,1845.18,DE67743487347143455812,IT-Services,0,Normal
INV-2026-00554,VND-5557,Krause KG,2026-07-22,2061.86,DE30340608835615951484,IT-Services,0,Normal
INV-2026-00555,VND-4811,Pechel AG,2026-07-16,2839.99,DE71219136193990916998,Instandhaltung,0,Normal
INV-2026-00556,VND-4582,Textor Wagenknecht e.V.,2025-12-06,1625.95,DE43872343098050097882,IT-Services,0,Normal
INV-2026-00557,VND-8359,Pechel,2026-09-15,2833.86,DE30685014294019655698,IT-Services,0,Normal
INV-2026-00558,VND-6574,Pohl,2026-03-17,60.4,DE02708317278895798687,Bürobedarf,0,Normal
INV-2026-00559,VND-1409,Gumprich,2026-06-18,1511.76,DE80863794026542351161,IT-Services,0,Normal
INV-2026-00560,VND-1409,Gumprich,2025-11-14,3274.31,DE80863794026542351161,IT-Services,0,Normal
INV-2026-00561,VND-9279,Heß Haase OHG mbH,2026-08-26,159.49,DE36534624751079911838,Instandhaltung,0,Normal
INV-2026-00562,VND-4657,Junk,2026-04-15,2692.11,DE52030564139537672423,Instandhaltung,0,Normal
INV-2026-00563,VND-3547,Heinrich GmbH,2026-06-03,1369.55,DE77231665876036690967,Instandhaltung,0,Normal
INV-2026-00564,VND-8359,Pechel,2026-03-14,3376.3,DE30685014294019655698,Marketing,0,Normal
INV-2026-00565,VND-5552,Weimer GmbH & Co. KGaA,2026-10-06,1249.81,DE67743487347143455812,Bürobedarf,0,Normal
INV-2026-00566,VND-2535,Rogner Dippel AG,2026-01-23,1874.51,DE82801326773602606474,Bürobedarf,0,Normal
INV-2026-00567,VND-3615,Zimmer Sager KG,2025-10-19,128.44,DE95577738721489513433,Beratung,0,Normal
INV-2026-00568,VND-1106,Lange,2026-07-02,1928.34,DE55564823662994680443,Marketing,0,Normal
INV-2026-00569,VND-9935,Patberg AG,2026-02-27,903.92,DE62489325288095701543,Beratung,0,Normal
INV-2026-00570,VND-2679,Krause GmbH,2026-01-03,3284.07,DE30978480184514627048,IT-Services,1,Wochenend-Buchung
INV-2026-00571,VND-7873,Klemt AG & Co. OHG,2026-03-28,2692.88,DE82315869232260256342,IT-Services,0,Normal
INV-2026-00572,VND-5506,Kaul Schleich GbR,2026-03-28,398.09,DE04078161849593103413,IT-Services,0,Normal
INV-2026-00573,VND-8359,Pechel,2026-01-06,2476.34,DE30685014294019655698,IT-Services,0,Normal
INV-2026-00574,VND-1409,Gumprich,2026-09-04,1437.82,DE80863794026542351161,Bürobedarf,0,Normal
INV-2026-00575,VND-3615,Zimmer Sager KG,2026-02-24,3029.87,DE95577738721489513433,IT-Services,0,Normal
INV-2026-00576,VND-7912,Steckel Seip GmbH,2025-11-14,857.86,DE60787133150983930103,Marketing,0,Normal
INV-2026-00577,VND-7873,Klemt AG & Co. OHG,2026-06-30,2715.26,DE82315869232260256342,Beratung,0,Normal
INV-2026-00578,VND-3547,Heinrich GmbH,2026-02-26,544.25,DE77231665876036690967,Marketing,0,Normal
INV-2026-00579,VND-7912,Steckel Seip GmbH,2026-05-06,999.28,DE60787133150983930103,Marketing,0,Normal
INV-2026-00580,VND-3547,Heinrich GmbH,2026-09-22,2586.48,DE77231665876036690967,Bürobedarf,0,Normal
INV-2026-00581,VND-4582,Textor Wagenknecht e.V.,2026-06-14,1967.68,DE43872343098050097882,IT-Services,0,Normal
INV-2026-00582,VND-4611,Dörr,2026-02-23,2366.13,DE32607337543303654145,Marketing,0,Normal
INV-2026-00583,VND-4582,Textor Wagenknecht e.V.,2025-10-30,1458.49,DE43872343098050097882,Beratung,0,Normal
INV-2026-00584,VND-3615,Zimmer Sager KG,2026-03-10,1905.85,DE95577738721489513433,Bürobedarf,0,Normal
INV-2026-00585,VND-7912,Steckel Seip GmbH,2026-01-22,3008.52,DE60787133150983930103,Bürobedarf,0,Normal
INV-2026-00586,VND-4527,Kitzmann GmbH,2025-12-19,248.8,DE27668893734670656272,Instandhaltung,0,Normal
INV-2026-00587,VND-4257,Heydrich GmbH,2025-11-23,1878.47,DE51935348740164005242,Instandhaltung,0,Normal
INV-2026-00588,VND-2679,Krause GmbH,2026-09-01,1189.41,DE30978480184514627048,IT-Services,0,Normal
INV-2026-00589,VND-5552,Weimer GmbH & Co. KGaA,2026-08-23,1330.22,DE67743487347143455812,Marketing,0,Normal
INV-2026-00590,VND-2679,Krause GmbH,2026-04-01,227.8,DE30978480184514627048,Instandhaltung,0,Normal
INV-2026-00591,VND-7873,Klemt AG & Co. OHG,2025-11-11,186.44,DE82315869232260256342,IT-Services,0,Normal
INV-2026-00592,VND-3615,Zimmer Sager KG,2026-06-21,2077.16,DE95577738721489513433,Marketing,0,Normal
INV-2026-00593,VND-2679,Krause GmbH,2025-12-28,3049.68,DE30978480184514627048,Beratung,0,Normal
INV-2026-00594,VND-4527,Kitzmann GmbH,2026-06-13,102.9,DE27668893734670656272,Bürobedarf,0,Normal
INV-2026-00595,VND-5012,Kramer GbR,2026-06-12,2626.73,DE15752553419283276483,Instandhaltung,0,Normal
INV-2026-00596,VND-5557,Krause KG,2026-05-26,2135.19,DE30340608835615951484,Bürobedarf,0,Normal
INV-2026-00597,VND-9935,Patberg AG,2025-10-15,1954.67,DE62489325288095701543,Beratung,0,Normal
INV-2026-00598,VND-4257,Heydrich GmbH,2025-10-26,2288.09,DE51935348740164005242,Beratung,0,Normal
INV-2026-00599,VND-1434,Eigenwillig Keudel AG,2026-08-08,3095.7,DE52354278498084124118,Instandhaltung,0,Normal
INV-2026-00600,VND-1106,Lange,2026-02-13,1669.74,DE55564823662994680443,Beratung,0,Normal
INV-2026-00601,VND-1488,Löchel Langern GmbH & Co. KG,2026-01-09,1129.58,DE62010651333872624731,IT-Services,0,Normal
INV-2026-00602,VND-9935,Patberg AG,2025-11-24,2607.32,DE62489325288095701543,IT-Services,0,Normal
INV-2026-00603,VND-4527,Kitzmann GmbH,2026-08-08,2064.91,DE27668893734670656272,Instandhaltung,0,Normal
INV-2026-00604,VND-2679,Krause GmbH,2026-05-14,1188.04,DE30978480184514627048,Instandhaltung,0,Normal
INV-2026-00605,VND-9935,Patberg AG,2025-12-25,1772.59,DE62489325288095701543,Beratung,0,Normal
INV-2026-00606,VND-6574,Pohl,2025-11-02,1735.74,DE02708317278895798687,Instandhaltung,0,Normal
INV-2026-00607,VND-1106,Lange,2026-08-25,2792.67,DE55564823662994680443,Bürobedarf,0,Normal
INV-2026-00608,VND-4257,Heydrich GmbH,2026-07-31,1734.69,DE51935348740164005242,Marketing,0,Normal
INV-2026-00609,VND-1409,Gumprich,2026-05-10,1857.61,DE80863794026542351161,IT-Services,0,Normal
INV-2026-00610,VND-8359,Pechel,2025-12-26,217.37,DE30685014294019655698,IT-Services,0,Normal
INV-2026-00611,VND-6574,Pohl,2026-05-22,2225.92,DE02708317278895798687,IT-Services,0,Normal
INV-2026-00612,VND-2824,Dowerg,2025-12-29,804.58,DE64043321819600133890,Instandhaltung,0,Normal
INV-2026-00613,VND-7873,Klemt AG & Co. OHG,2026-08-18,2250.16,DE82315869232260256342,Marketing,0,Normal
INV-2026-00614,VND-8359,Pechel,2026-09-09,1733.1,DE30685014294019655698,IT-Services,0,Normal
INV-2026-00615,VND-4582,Textor Wagenknecht e.V.,2026-01-05,90.89,DE43872343098050097882,Marketing,0,Normal
INV-2026-00616,VND-4257,Heydrich GmbH,2026-02-11,3422.3,DE51935348740164005242,IT-Services,0,Normal
INV-2026-00617,VND-5557,Krause KG,2026-08-03,2375.41,DE30340608835615951484,Bürobedarf,0,Normal
INV-2026-00618,VND-5012,Kramer GbR,2025-12-03,1859.13,DE15752553419283276483,Bürobedarf,0,Normal
INV-2026-00619,VND-1434,Eigenwillig Keudel AG,2026-08-09,920.84,DE52354278498084124118,Beratung,0,Normal
INV-2026-00620,VND-2535,Rogner Dippel AG,2026-09-21,322.62,DE82801326773602606474,Instandhaltung,0,Normal
INV-2026-00621,VND-9935,Patberg AG,2026-05-26,3466.3,DE62489325288095701543,Bürobedarf,0,Normal
INV-2026-00622,VND-6574,Pohl,2025-10-08,2975.14,DE02708317278895798687,IT-Services,0,Normal
INV-2026-00176,VND-1106,Lange,2026-01-22,1720.49,DE82801326773602606474,Instandhaltung,1,Doppelte Rechnung
INV-2026-00624,VND-5506,Kaul Schleich GbR,2026-09-05,1774.51,DE04078161849593103413,Instandhaltung,0,Normal
INV-2026-00625,VND-1520,Beckmann GmbH,2025-12-02,2002.21,DE29183473829973763116,IT-Services,0,Normal
INV-2026-00626,VND-4527,Kitzmann GmbH,2025-11-26,196.8,DE27668893734670656272,Bürobedarf,0,Normal
INV-2026-00627,VND-5557,Krause KG,2026-05-04,3112.06,DE30340608835615951484,Instandhaltung,0,Normal
INV-2026-00628,VND-4527,Kitzmann GmbH,2026-01-12,306.5,DE27668893734670656272,Beratung,0,Normal
INV-2026-00629,VND-9928,Margraf,2026-08-13,2320.48,DE39868011280598262045,Bürobedarf,0,Normal
INV-2026-00630,VND-1520,Beckmann GmbH,2025-12-13,104.02,DE29183473829973763116,Bürobedarf,0,Normal
INV-2026-00631,VND-3615,Zimmer Sager KG,2025-11-18,2881.38,DE95577738721489513433,Instandhaltung,0,Normal
INV-2026-00632,VND-7912,Steckel Seip GmbH,2026-06-20,610.45,DE60787133150983930103,Bürobedarf,0,Normal
INV-2026-00633,VND-5552,Weimer GmbH & Co. KGaA,2026-09-08,1392.59,DE67743487347143455812,Marketing,0,Normal
INV-2026-00634,VND-3615,Zimmer Sager KG,2025-10-17,2602.12,DE95577738721489513433,IT-Services,0,Normal
INV-2026-00635,VND-1488,Löchel Langern GmbH & Co. KG,2025-11-27,235.25,DE62010651333872624731,Instandhaltung,0,Normal
INV-2026-00636,VND-5506,Kaul Schleich GbR,2025-10-12,1225.04,DE04078161849593103413,Marketing,0,Normal
INV-2026-00637,VND-2535,Rogner Dippel AG,2026-02-23,3392.78,DE88395024026811775891,Beratung,1,Abweichende IBAN
INV-2026-00638,VND-7924,Barth AG,2026-03-31,3474.42,DE70379176936763201632,Instandhaltung,0,Normal
INV-2026-00639,VND-4257,Heydrich GmbH,2026-04-20,3296.94,DE51935348740164005242,Instandhaltung,0,Normal
INV-2026-00640,VND-9928,Margraf,2026-01-01,2329.32,DE39868011280598262045,IT-Services,0,Normal
INV-2026-00641,VND-7912,Steckel Seip GmbH,2026-06-02,2803.29,DE60787133150983930103,IT-Services,0,Normal
INV-2026-00642,VND-4657,Junk,2025-10-23,1361.0,DE52030564139537672423,Bürobedarf,0,Normal
INV-2026-00643,VND-1520,Beckmann GmbH,2026-07-16,1294.42,DE78847007661771159212,IT-Services,1,Abweichende IBAN
INV-2026-00644,VND-4811,Pechel AG,2026-01-21,1291.72,DE71219136193990916998,Beratung,0,Normal
INV-2026-00645,VND-5506,Kaul Schleich GbR,2026-06-06,696.5,DE04078161849593103413,Instandhaltung,0,Normal
INV-2026-00646,VND-1434,Eigenwillig Keudel AG,2026-06-09,1457.75,DE52354278498084124118,IT-Services,0,Normal
INV-2026-00647,VND-4257,Heydrich GmbH,2026-05-22,371.07,DE51935348740164005242,Marketing,0,Normal
INV-2026-00648,VND-5552,Weimer GmbH & Co. KGaA,2026-05-07,1379.07,DE67743487347143455812,Beratung,0,Normal
INV-2026-00649,VND-3615,Zimmer Sager KG,2026-07-10,342.21,DE95577738721489513433,Marketing,0,Normal
INV-2026-00650,VND-9935,Patberg AG,2026-02-10,2023.26,DE62489325288095701543,Bürobedarf,0,Normal
INV-2026-00651,VND-3286,Rörricht,2026-03-03,529.0,DE52849696532871012269,Beratung,0,Normal
INV-2026-00652,VND-4657,Junk,2026-05-27,268.27,DE52030564139537672423,Instandhaltung,0,Normal
INV-2026-00653,VND-7912,Steckel Seip GmbH,2026-05-01,1720.6,DE60787133150983930103,IT-Services,0,Normal
INV-2026-00654,VND-9935,Patberg AG,2026-01-29,2537.1,DE62489325288095701543,Instandhaltung,0,Normal
INV-2026-00655,VND-2679,Krause GmbH,2026-04-01,1629.62,DE30978480184514627048,Bürobedarf,0,Normal
INV-2026-00656,VND-2535,Rogner Dippel AG,2026-04-21,1196.15,DE82801326773602606474,Marketing,0,Normal
INV-2026-00657,VND-5552,Weimer GmbH & Co. KGaA,2026-05-30,1186.92,DE67743487347143455812,Beratung,0,Normal
INV-2026-00658,VND-6574,Pohl,2026-03-23,3015.3,DE02708317278895798687,Marketing,0,Normal
INV-2026-00659,VND-1520,Beckmann GmbH,2025-11-14,2131.08,DE29183473829973763116,Bürobedarf,0,Normal
INV-2026-00660,VND-3286,Rörricht,2026-08-11,3377.78,DE52849696532871012269,Beratung,0,Normal
INV-2026-00661,VND-5557,Krause KG,2026-07-06,2233.51,DE30340608835615951484,Marketing,0,Normal
INV-2026-00662,VND-1520,Beckmann GmbH,2025-11-20,1347.39,DE29183473829973763116,Instandhaltung,0,Normal
INV-2026-00663,VND-4527,Kitzmann GmbH,2026-09-03,1995.28,DE27668893734670656272,Marketing,0,Normal
INV-2026-00664,VND-3286,Rörricht,2026-06-20,2401.91,DE52849696532871012269,Marketing,1,Wochenend-Buchung
INV-2026-00665,VND-5557,Krause KG,2026-06-16,773.29,DE30340608835615951484,Beratung,0,Normal
INV-2026-00666,VND-5506,Kaul Schleich GbR,2026-09-12,2875.43,DE04078161849593103413,Instandhaltung,0,Normal
INV-2026-00667,VND-4657,Junk,2026-08-01,2235.01,DE52030564139537672423,Bürobedarf,0,Normal
INV-2026-00668,VND-4657,Junk,2026-05-16,2517.57,DE52030564139537672423,Instandhaltung,1,Wochenend-Buchung
INV-2026-00669,VND-9928,Margraf,2026-07-13,1432.78,DE39868011280598262045,Marketing,0,Normal
INV-2026-00670,VND-5552,Weimer GmbH & Co. KGaA,2026-09-08,2436.4,DE27367365766156545271,Marketing,1,Abweichende IBAN
INV-2026-00671,VND-5557,Krause KG,2025-11-11,3139.48,DE30340608835615951484,Marketing,0,Normal
INV-2026-00672,VND-4527,Kitzmann GmbH,2026-08-26,343.19,DE27668893734670656272,Bürobedarf,0,Normal
INV-2026-00673,VND-1488,Löchel Langern GmbH & Co. KG,2025-11-15,623.87,DE62010651333872624731,Marketing,1,Wochenend-Buchung
INV-2026-00674,VND-3615,Zimmer Sager KG,2025-11-12,1194.01,DE95577738721489513433,Instandhaltung,0,Normal
INV-2026-00675,VND-5012,Kramer GbR,2026-03-23,942.65,DE15752553419283276483,Marketing,0,Normal
INV-2026-00676,VND-4257,Heydrich GmbH,2025-11-13,2052.79,DE51935348740164005242,Marketing,0,Normal
INV-2026-00677,VND-1488,Löchel Langern GmbH & Co. KG,2026-07-23,1399.41,DE62010651333872624731,Marketing,0,Normal
INV-2026-00678,VND-4657,Junk,2026-07-20,1240.14,DE52030564139537672423,IT-Services,0,Normal
INV-2026-00679,VND-7912,Steckel Seip GmbH,2026-02-28,1485.12,DE60787133150983930103,IT-Services,0,Normal
INV-2026-00680,VND-1106,Lange,2026-08-18,538.78,DE55564823662994680443,Beratung,0,Normal
INV-2026-00681,VND-7924,Barth AG,2025-11-26,763.69,DE70379176936763201632,Instandhaltung,0,Normal
INV-2026-00682,VND-5012,Kramer GbR,2026-05-11,1561.67,DE15752553419283276483,Instandhaltung,0,Normal
INV-2026-00683,VND-7912,Steckel Seip GmbH,2025-10-30,204.16,DE51988516560494519832,IT-Services,1,Abweichende IBAN
INV-2026-00684,VND-4611,Dörr,2026-06-19,427.3,DE32607337543303654145,Bürobedarf,0,Normal
INV-2026-00685,VND-1106,Lange,2026-04-12,891.5,DE55564823662994680443,Bürobedarf,0,Normal
INV-2026-00686,VND-1520,Beckmann GmbH,2026-01-02,1981.48,DE29183473829973763116,Instandhaltung,0,Normal
INV-2026-00687,VND-2535,Rogner Dippel AG,2026-09-01,2222.67,DE82801326773602606474,Bürobedarf,0,Normal
INV-2026-00688,VND-4582,Textor Wagenknecht e.V.,2025-11-18,1414.76,DE43872343098050097882,Marketing,0,Normal
INV-2026-00689,VND-4811,Pechel AG,2026-02-19,50723.06,DE71219136193990916998,Instandhaltung,1,Ungewöhnlich hoher Betrag
INV-2026-00690,VND-3615,Zimmer Sager KG,2026-08-31,2477.97,DE95577738721489513433,IT-Services,0,Normal
INV-2026-00691,VND-7924,Barth AG,2026-05-11,3058.33,DE70379176936763201632,Bürobedarf,0,Normal
INV-2026-00692,VND-2679,Krause GmbH,2026-02-26,1628.55,DE30978480184514627048,Beratung,0,Normal
INV-2026-00693,VND-9279,Heß Haase OHG mbH,2025-11-20,1870.62,DE36534624751079911838,Beratung,0,Normal
INV-2026-00694,VND-7873,Klemt AG & Co. OHG,2026-07-30,1404.28,DE82315869232260256342,IT-Services,0,Normal
INV-2026-00695,VND-5552,Weimer GmbH & Co. KGaA,2026-01-23,1629.62,DE67743487347143455812,Bürobedarf,0,Normal
INV-2026-00696,VND-5557,Krause KG,2026-05-17,2812.12,DE30340608835615951484,Marketing,0,Normal
INV-2026-00697,VND-8359,Pechel,2026-01-02,512.12,DE30685014294019655698,IT-Services,0,Normal
INV-2026-00698,VND-5012,Kramer GbR,2026-08-16,681.5,DE15752553419283276483,Bürobedarf,0,Normal
INV-2026-00699,VND-4582,Textor Wagenknecht e.V.,2026-03-22,2107.67,DE43872343098050097882,Marketing,0,Normal
INV-2026-00700,VND-3286,Rörricht,2026-08-31,1729.01,DE52849696532871012269,Marketing,0,Normal
INV-2026-00701,VND-4611,Dörr,2026-05-12,3260.9,DE32607337543303654145,Bürobedarf,0,Normal
INV-2026-00702,VND-9279,Heß Haase OHG mbH,2026-08-01,1046.48,DE36534624751079911838,Bürobedarf,0,Normal
INV-2026-00703,VND-4811,Pechel AG,2026-08-20,2186.96,DE71219136193990916998,Beratung,0,Normal
INV-2026-00704,VND-9279,Heß Haase OHG mbH,2026-06-05,521.04,DE36534624751079911838,Instandhaltung,0,Normal
INV-2026-00705,VND-1434,Eigenwillig Keudel AG,2026-06-02,2303.09,DE52354278498084124118,Instandhaltung,0,Normal
INV-2026-00706,VND-4582,Textor Wagenknecht e.V.,2026-06-26,2499.99,DE43872343098050097882,Instandhaltung,0,Normal
INV-2026-00707,VND-5506,Kaul Schleich GbR,2026-06-13,2000.62,DE04078161849593103413,Bürobedarf,0,Normal
INV-2026-00708,VND-2424,Hendriks KG,2026-05-11,825.71,DE36117182278248963834,Beratung,0,Normal
INV-2026-00709,VND-4811,Pechel AG,2025-10-17,2001.49,DE71219136193990916998,Instandhaltung,0,Normal
INV-2026-00710,VND-5012,Kramer GbR,2026-05-31,2025.86,DE15752553419283276483,Beratung,0,Normal
INV-2026-00711,VND-6574,Pohl,2026-10-02,3468.58,DE02708317278895798687,Marketing,0,Normal
INV-2026-00712,VND-1409,Gumprich,2026-06-19,2672.01,DE80863794026542351161,Instandhaltung,0,Normal
INV-2026-00713,VND-4582,Textor Wagenknecht e.V.,2026-08-25,403.34,DE43872343098050097882,Bürobedarf,0,Normal
INV-2026-00714,VND-1409,Gumprich,2026-07-03,1601.58,DE80863794026542351161,Beratung,0,Normal
INV-2026-00715,VND-5506,Kaul Schleich GbR,2026-01-18,1564.79,DE04078161849593103413,IT-Services,0,Normal
INV-2026-00716,VND-9935,Patberg AG,2025-10-18,774.08,DE62489325288095701543,Marketing,0,Normal
INV-2026-00717,VND-5552,Weimer GmbH & Co. KGaA,2025-12-16,2502.1,DE67743487347143455812,Instandhaltung,0,Normal
INV-2026-00718,VND-4657,Junk,2026-01-21,2757.73,DE52030564139537672423,Bürobedarf,0,Normal
INV-2026-00719,VND-9928,Margraf,2026-07-06,1260.31,DE39868011280598262045,Beratung,0,Normal
INV-2026-00720,VND-3286,Rörricht,2026-07-30,1166.6,DE52849696532871012269,Beratung,0,Normal
INV-2026-00721,VND-2424,Hendriks KG,2026-02-03,3335.77,DE36117182278248963834,Marketing,0,Normal
INV-2026-00722,VND-8359,Pechel,2026-09-29,2862.37,DE30685014294019655698,Bürobedarf,0,Normal
INV-2026-00723,VND-7924,Barth AG,2026-02-15,1470.01,DE70379176936763201632,IT-Services,0,Normal
INV-2026-00724,VND-5552,Weimer GmbH & Co. KGaA,2026-02-20,2312.84,DE67743487347143455812,Bürobedarf,0,Normal
INV-2026-00725,VND-5557,Krause KG,2025-10-09,1161.23,DE30340608835615951484,Bürobedarf,0,Normal
INV-2026-00726,VND-8359,Pechel,2025-12-16,1404.82,DE30685014294019655698,Bürobedarf,0,Normal
INV-2026-00727,VND-2424,Hendriks KG,2026-09-09,2215.95,DE36117182278248963834,Instandhaltung,0,Normal
INV-2026-00728,VND-4611,Dörr,2025-12-01,2791.37,DE32607337543303654145,IT-Services,0,Normal
INV-2026-00729,VND-1106,Lange,2026-05-14,1009.88,DE55564823662994680443,Beratung,0,Normal
INV-2026-00730,VND-9279,Heß Haase OHG mbH,2026-06-19,1179.15,DE36534624751079911838,IT-Services,0,Normal
INV-2026-00731,VND-5552,Weimer GmbH & Co. KGaA,2026-03-11,2577.9,DE67743487347143455812,Instandhaltung,0,Normal
INV-2026-00732,VND-5557,Krause KG,2025-11-03,1285.87,DE30340608835615951484,IT-Services,0,Normal
INV-2026-00733,VND-2535,Rogner Dippel AG,2025-12-01,801.51,DE82801326773602606474,Instandhaltung,0,Normal
INV-2026-00734,VND-9279,Heß Haase OHG mbH,2026-07-21,976.45,DE36534624751079911838,Beratung,0,Normal
INV-2026-00735,VND-9928,Margraf,2026-06-09,500.55,DE39868011280598262045,Instandhaltung,0,Normal
INV-2026-00736,VND-3547,Heinrich GmbH,2025-10-25,2404.8,DE77231665876036690967,IT-Services,1,Wochenend-Buchung
INV-2026-00737,VND-2824,Dowerg,2025-11-11,478.62,DE64043321819600133890,Bürobedarf,0,Normal
INV-2026-00738,VND-2824,Dowerg,2026-07-23,3471.84,DE64043321819600133890,Instandhaltung,0,Normal
INV-2026-00739,VND-5557,Krause KG,2026-05-01,3187.45,DE30340608835615951484,Beratung,0,Normal
INV-2026-00740,VND-4527,Kitzmann GmbH,2025-12-29,3074.25,DE27668893734670656272,IT-Services,0,Normal
INV-2026-00741,VND-2424,Hendriks KG,2026-03-02,334.35,DE38675254599102290147,Bürobedarf,1,Abweichende IBAN
INV-2026-00742,VND-1106,Lange,2026-06-21,2463.07,DE55564823662994680443,Bürobedarf,0,Normal
INV-2026-00743,VND-5506,Kaul Schleich GbR,2026-03-20,2477.76,DE04078161849593103413,IT-Services,0,Normal
INV-2026-00744,VND-5506,Kaul Schleich GbR,2026-04-13,507.81,DE04078161849593103413,Bürobedarf,0,Normal
INV-2026-00745,VND-4811,Pechel AG,2026-05-30,82.04,DE71219136193990916998,Beratung,0,Normal
INV-2026-00746,VND-5552,Weimer GmbH & Co. KGaA,2026-03-27,1506.98,DE67743487347143455812,Bürobedarf,0,Normal
INV-2026-00747,VND-9935,Patberg AG,2026-03-16,1371.59,DE62489325288095701543,IT-Services,0,Normal
INV-2026-00748,VND-1488,Löchel Langern GmbH & Co. KG,2026-01-21,3089.41,DE62010651333872624731,Bürobedarf,0,Normal
INV-2026-00749,VND-6574,Pohl,2025-12-29,2648.39,DE02708317278895798687,Bürobedarf,0,Normal
INV-2026-00750,VND-8359,Pechel,2026-07-27,542.84,DE30685014294019655698,Marketing,0,Normal
INV-2026-00751,VND-7873,Klemt AG & Co. OHG,2026-04-23,2292.57,DE82315869232260256342,Instandhaltung,0,Normal
INV-2026-00752,VND-2679,Krause GmbH,2025-11-20,2216.88,DE30978480184514627048,Bürobedarf,0,Normal
INV-2026-00753,VND-7873,Klemt AG & Co. OHG,2026-02-18,2418.65,DE82315869232260256342,Bürobedarf,0,Normal
INV-2026-00754,VND-5012,Kramer GbR,2026-03-22,533.05,DE15752553419283276483,IT-Services,0,Normal
INV-2026-00755,VND-2535,Rogner Dippel AG,2025-11-19,1262.8,DE82801326773602606474,Instandhaltung,0,Normal
INV-2026-00756,VND-4657,Junk,2026-01-25,904.86,DE52030564139537672423,IT-Services,0,Normal
INV-2026-00757,VND-7873,Klemt AG & Co. OHG,2026-06-27,2120.03,DE82315869232260256342,Marketing,0,Normal
INV-2026-00758,VND-5557,Krause KG,2026-06-27,142.54,DE30340608835615951484,Beratung,0,Normal
INV-2026-00759,VND-7873,Klemt AG & Co. OHG,2026-05-25,1807.85,DE82315869232260256342,Instandhaltung,0,Normal
INV-2026-00760,VND-1409,Gumprich,2026-04-13,2754.12,DE80863794026542351161,Bürobedarf,0,Normal
INV-2026-00370,VND-8359,Pechel,2026-04-29,1383.65,DE15752553419283276483,Marketing,1,Doppelte Rechnung
INV-2026-00762,VND-4527,Kitzmann GmbH,2026-06-23,1141.83,DE27668893734670656272,Instandhaltung,0,Normal
INV-2026-00763,VND-9928,Margraf,2026-02-03,1501.98,DE39868011280598262045,Marketing,0,Normal
INV-2026-00015,VND-2679,Krause GmbH,2025-10-24,3200.32,DE95577738721489513433,IT-Services,1,Doppelte Rechnung
INV-2026-00765,VND-2424,Hendriks KG,2025-12-31,794.31,DE36117182278248963834,IT-Services,0,Normal
INV-2026-00766,VND-2535,Rogner Dippel AG,2026-03-09,1797.81,DE82801326773602606474,Marketing,0,Normal
INV-2026-00767,VND-4582,Textor Wagenknecht e.V.,2026-05-27,2471.25,DE43872343098050097882,IT-Services,0,Normal
INV-2026-00768,VND-4257,Heydrich GmbH,2025-10-28,2175.36,DE51935348740164005242,Beratung,0,Normal
INV-2026-00769,VND-5506,Kaul Schleich GbR,2025-10-09,1814.0,DE04078161849593103413,Bürobedarf,0,Normal
INV-2026-00770,VND-4657,Junk,2025-12-25,1900.55,DE52030564139537672423,Instandhaltung,0,Normal
INV-2026-00771,VND-3615,Zimmer Sager KG,2026-02-01,2929.12,DE95577738721489513433,IT-Services,0,Normal
INV-2026-00445,VND-5557,Krause KG,2025-12-28,2498.0,DE43872343098050097882,Bürobedarf,1,Doppelte Rechnung
INV-2026-00773,VND-5012,Kramer GbR,2026-08-01,39930.38,DE15752553419283276483,Marketing,1,Ungewöhnlich hoher Betrag
INV-2026-00774,VND-5557,Krause KG,2025-11-29,523.38,DE30340608835615951484,IT-Services,0,Normal
INV-2026-00775,VND-1488,Löchel Langern GmbH & Co. KG,2026-07-30,1854.37,DE62010651333872624731,Beratung,0,Normal
INV-2026-00776,VND-4657,Junk,2026-01-14,2636.73,DE52030564139537672423,Beratung,0,Normal
INV-2026-00777,VND-5012,Kramer GbR,2026-01-27,2711.43,DE15752553419283276483,IT-Services,0,Normal
INV-2026-00778,VND-4582,Textor Wagenknecht e.V.,2026-02-11,988.33,DE43872343098050097882,IT-Services,0,Normal
INV-2026-00779,VND-9928,Margraf,2025-11-22,2214.99,DE39868011280598262045,Instandhaltung,0,Normal
INV-2026-00780,VND-1488,Löchel Langern GmbH & Co. KG,2025-10-10,241.26,DE62010651333872624731,Marketing,0,Normal
INV-2026-00781,VND-3286,Rörricht,2026-04-18,930.15,DE52849696532871012269,IT-Services,0,Normal
INV-2026-00782,VND-8359,Pechel,2026-07-24,2543.59,DE30685014294019655698,Bürobedarf,0,Normal
INV-2026-00783,VND-2824,Dowerg,2026-03-23,201.93,DE64043321819600133890,IT-Services,0,Normal
INV-2026-00784,VND-9279,Heß Haase OHG mbH,2025-12-14,1305.72,DE36534624751079911838,Bürobedarf,0,Normal
INV-2026-00785,VND-5552,Weimer GmbH & Co. KGaA,2025-11-26,172.0,DE67743487347143455812,Instandhaltung,0,Normal
INV-2026-00786,VND-9935,Patberg AG,2026-03-03,1486.09,DE62489325288095701543,Beratung,0,Normal
INV-2026-00787,VND-5506,Kaul Schleich GbR,2026-05-01,2021.8,DE04078161849593103413,IT-Services,0,Normal
INV-2026-00788,VND-3547,Heinrich GmbH,2026-07-07,231.72,DE77231665876036690967,Bürobedarf,0,Normal
INV-2026-00789,VND-1409,Gumprich,2026-01-04,3341.57,DE80863794026542351161,IT-Services,0,Normal
INV-2026-00790,VND-5552,Weimer GmbH & Co. KGaA,2026-04-19,1023.96,DE67743487347143455812,Beratung,0,Normal
INV-2026-00791,VND-4257,Heydrich GmbH,2026-05-11,1625.77,DE51935348740164005242,Beratung,0,Normal
INV-2026-00792,VND-9928,Margraf,2026-08-26,2756.55,DE39868011280598262045,Marketing,0,Normal
INV-2026-00793,VND-1488,Löchel Langern GmbH & Co. KG,2026-06-23,2091.33,DE62010651333872624731,Instandhaltung,0,Normal
INV-2026-00794,VND-3615,Zimmer Sager KG,2026-08-16,724.21,DE95577738721489513433,Marketing,0,Normal
INV-2026-00795,VND-9935,Patberg AG,2026-02-21,569.45,DE68160607159696641605,Instandhaltung,1,Abweichende IBAN
INV-2026-00796,VND-4611,Dörr,2025-12-12,2946.53,DE32607337543303654145,IT-Services,0,Normal
INV-2026-00797,VND-2824,Dowerg,2026-08-14,2668.31,DE64043321819600133890,Instandhaltung,0,Normal
INV-2026-00798,VND-1106,Lange,2026-06-04,1110.91,DE55564823662994680443,Bürobedarf,0,Normal
INV-2026-00799,VND-9935,Patberg AG,2026-04-03,1498.36,DE62489325288095701543,IT-Services,0,Normal
INV-2026-00800,VND-4657,Junk,2026-08-26,137160.93,DE52030564139537672423,IT-Services,1,Ungewöhnlich hoher Betrag
INV-2026-00801,VND-1434,Eigenwillig Keudel AG,2026-07-01,1475.05,DE52354278498084124118,Beratung,0,Normal
INV-2026-00802,VND-1106,Lange,2026-09-29,342.91,DE55564823662994680443,IT-Services,0,Normal
INV-2026-00803,VND-4611,Dörr,2026-02-24,2878.87,DE32607337543303654145,IT-Services,0,Normal
INV-2026-00804,VND-1409,Gumprich,2025-11-10,1550.69,DE80863794026542351161,Bürobedarf,0,Normal
INV-2026-00805,VND-2424,Hendriks KG,2026-03-25,2985.65,DE36117182278248963834,Instandhaltung,0,Normal
INV-2026-00806,VND-1106,Lange,2026-08-30,1175.57,DE55564823662994680443,Instandhaltung,0,Normal
INV-2026-00807,VND-5506,Kaul Schleich GbR,2025-11-17,3305.26,DE04078161849593103413,Bürobedarf,0,Normal
INV-2026-00808,VND-9928,Margraf,2026-01-09,425.96,DE39868011280598262045,IT-Services,0,Normal
INV-2026-00809,VND-4811,Pechel AG,2026-03-25,1133.41,DE71219136193990916998,IT-Services,0,Normal
INV-2026-00810,VND-3615,Zimmer Sager KG,2026-05-23,766.34,DE95577738721489513433,Beratung,0,Normal
INV-2026-00811,VND-5552,Weimer GmbH & Co. KGaA,2026-03-11,463.7,DE67743487347143455812,Bürobedarf,0,Normal
INV-2026-00812,VND-7912,Steckel Seip GmbH,2026-04-28,2901.03,DE48164535218188355231,Marketing,1,Abweichende IBAN
INV-2026-00813,VND-4657,Junk,2025-12-02,364.68,DE52030564139537672423,Bürobedarf,0,Normal
INV-2026-00814,VND-2535,Rogner Dippel AG,2026-01-14,1821.44,DE82801326773602606474,Beratung,0,Normal
INV-2026-00815,VND-3286,Rörricht,2025-12-22,157.23,DE52849696532871012269,Instandhaltung,0,Normal
INV-2026-00816,VND-4257,Heydrich GmbH,2025-12-13,2630.87,DE51935348740164005242,Bürobedarf,0,Normal
INV-2026-00817,VND-5012,Kramer GbR,2026-05-28,2823.44,DE15752553419283276483,Bürobedarf,0,Normal
INV-2026-00818,VND-1409,Gumprich,2025-12-05,2914.78,DE80863794026542351161,Bürobedarf,0,Normal
INV-2026-00819,VND-6574,Pohl,2026-07-29,1432.01,DE02708317278895798687,IT-Services,0,Normal
INV-2026-00203,VND-1409,Gumprich,2026-07-28,3118.51,DE36117182278248963834,IT-Services,1,Doppelte Rechnung
INV-2026-00821,VND-3547,Heinrich GmbH,2026-06-18,2278.65,DE77231665876036690967,Bürobedarf,0,Normal
INV-2026-00822,VND-5552,Weimer GmbH & Co. KGaA,2025-11-05,2911.28,DE67743487347143455812,Beratung,0,Normal
INV-2026-00823,VND-4811,Pechel AG,2025-12-14,224.7,DE71219136193990916998,Marketing,0,Normal
INV-2026-00824,VND-1106,Lange,2026-08-03,1412.75,DE55564823662994680443,IT-Services,0,Normal
INV-2026-00825,VND-4582,Textor Wagenknecht e.V.,2026-06-07,646.18,DE43872343098050097882,Bürobedarf,0,Normal
INV-2026-00826,VND-2424,Hendriks KG,2026-04-16,105909.8,DE36117182278248963834,Bürobedarf,1,Ungewöhnlich hoher Betrag
INV-2026-00827,VND-9279,Heß Haase OHG mbH,2026-04-05,1471.37,DE36534624751079911838,Marketing,0,Normal
INV-2026-00828,VND-5506,Kaul Schleich GbR,2026-07-26,1015.23,DE04078161849593103413,Bürobedarf,0,Normal
INV-2026-00829,VND-4611,Dörr,2026-05-13,3102.05,DE32607337543303654145,Marketing,0,Normal
INV-2026-00830,VND-7924,Barth AG,2026-07-29,1925.62,DE70379176936763201632,IT-Services,0,Normal
INV-2026-00831,VND-7924,Barth AG,2026-05-20,2511.13,DE70379176936763201632,Instandhaltung,0,Normal
INV-2026-00832,VND-9279,Heß Haase OHG mbH,2026-03-30,1236.92,DE36534624751079911838,Marketing,0,Normal
INV-2026-00833,VND-2535,Rogner Dippel AG,2026-06-28,983.0,DE82801326773602606474,IT-Services,0,Normal
INV-2026-00834,VND-9935,Patberg AG,2026-10-03,151.1,DE62489325288095701543,Beratung,1,Wochenend-Buchung
INV-2026-00835,VND-1434,Eigenwillig Keudel AG,2026-09-14,1283.14,DE52354278498084124118,Marketing,0,Normal
INV-2026-00836,VND-3286,Rörricht,2026-05-14,395.46,DE52849696532871012269,Bürobedarf,0,Normal
INV-2026-00837,VND-6574,Pohl,2026-06-13,2779.77,DE02708317278895798687,IT-Services,0,Normal
INV-2026-00838,VND-9935,Patberg AG,2026-06-10,2036.14,DE62489325288095701543,Instandhaltung,0,Normal
INV-2026-00839,VND-6574,Pohl,2026-06-06,3470.82,DE02708317278895798687,Bürobedarf,0,Normal
INV-2026-00840,VND-9928,Margraf,2026-02-09,1147.12,DE39868011280598262045,Beratung,0,Normal
INV-2026-00841,VND-2824,Dowerg,2026-09-07,2476.91,DE64043321819600133890,Beratung,0,Normal
INV-2026-00842,VND-9928,Margraf,2026-06-07,540.25,DE39868011280598262045,Bürobedarf,0,Normal
INV-2026-00843,VND-7924,Barth AG,2026-02-06,3091.61,DE70379176936763201632,Instandhaltung,0,Normal
INV-2026-00844,VND-3286,Rörricht,2025-12-04,27491.0,DE52849696532871012269,IT-Services,1,Ungewöhnlich hoher Betrag
INV-2026-00845,VND-9279,Heß Haase OHG mbH,2026-03-26,52.36,DE36534624751079911838,Marketing,0,Normal
INV-2026-00846,VND-4657,Junk,2025-11-02,1225.62,DE52030564139537672423,Bürobedarf,0,Normal
INV-2026-00847,VND-5552,Weimer GmbH & Co. KGaA,2026-04-07,121795.81,DE67743487347143455812,IT-Services,1,Ungewöhnlich hoher Betrag
INV-2026-00848,VND-5552,Weimer GmbH & Co. KGaA,2026-03-27,1865.72,DE67743487347143455812,Beratung,0,Normal
INV-2026-00849,VND-1488,Löchel Langern GmbH & Co. KG,2026-06-09,2480.66,DE62010651333872624731,Instandhaltung,0,Normal
INV-2026-00850,VND-1520,Beckmann GmbH,2026-02-01,1091.09,DE29183473829973763116,Bürobedarf,0,Normal
INV-2026-00851,VND-1106,Lange,2026-08-12,3322.99,DE55564823662994680443,Instandhaltung,0,Normal
INV-2026-00852,VND-3286,Rörricht,2026-01-21,2489.78,DE52849696532871012269,Marketing,0,Normal
INV-2026-00853,VND-4527,Kitzmann GmbH,2026-05-24,2167.3,DE27668893734670656272,Beratung,0,Normal
INV-2026-00854,VND-9928,Margraf,2025-10-28,2859.87,DE39868011280598262045,Instandhaltung,0,Normal
INV-2026-00855,VND-5557,Krause KG,2026-02-20,1066.08,DE30340608835615951484,Bürobedarf,0,Normal
INV-2026-00856,VND-5557,Krause KG,2026-04-22,3323.01,DE30340608835615951484,Instandhaltung,0,Normal
INV-2026-00857,VND-3615,Zimmer Sager KG,2025-11-04,3379.88,DE95577738721489513433,IT-Services,0,Normal
INV-2026-00858,VND-1520,Beckmann GmbH,2026-02-04,3227.58,DE29183473829973763116,Marketing,0,Normal
INV-2026-00859,VND-9928,Margraf,2026-04-04,409.18,DE39868011280598262045,Instandhaltung,0,Normal
INV-2026-00860,VND-1106,Lange,2026-03-31,318.43,DE55564823662994680443,Beratung,0,Normal
INV-2026-00861,VND-3286,Rörricht,2025-10-21,2244.84,DE52849696532871012269,IT-Services,0,Normal
INV-2026-00862,VND-8359,Pechel,2025-10-29,2254.9,DE30685014294019655698,Beratung,0,Normal
INV-2026-00863,VND-2424,Hendriks KG,2026-02-27,773.41,DE36117182278248963834,IT-Services,0,Normal
INV-2026-00864,VND-7924,Barth AG,2026-08-29,422.72,DE70379176936763201632,IT-Services,1,Wochenend-Buchung
INV-2026-00865,VND-1106,Lange,2026-01-26,1497.8,DE55564823662994680443,Bürobedarf,0,Normal
INV-2026-00866,VND-9279,Heß Haase OHG mbH,2025-11-05,3092.11,DE36534624751079911838,Beratung,0,Normal
INV-2026-00867,VND-5012,Kramer GbR,2026-06-14,2909.38,DE15752553419283276483,Marketing,0,Normal
INV-2026-00302,VND-4611,Dörr,2026-09-07,3375.89,DE30685014294019655698,Instandhaltung,1,Doppelte Rechnung
INV-2026-00869,VND-2824,Dowerg,2026-09-04,135991.41,DE64043321819600133890,IT-Services,1,Ungewöhnlich hoher Betrag
INV-2026-00870,VND-3286,Rörricht,2025-11-11,2575.35,DE52849696532871012269,Marketing,0,Normal
INV-2026-00871,VND-5506,Kaul Schleich GbR,2026-06-02,1215.93,DE04078161849593103413,Marketing,0,Normal
INV-2026-00872,VND-5557,Krause KG,2026-05-25,156.93,DE30340608835615951484,Bürobedarf,0,Normal
INV-2026-00873,VND-4582,Textor Wagenknecht e.V.,2026-04-21,592.01,DE43872343098050097882,IT-Services,0,Normal
INV-2026-00874,VND-2679,Krause GmbH,2026-03-05,1462.02,DE30978480184514627048,Marketing,0,Normal
INV-2026-00875,VND-1106,Lange,2026-04-04,1913.43,DE55564823662994680443,Beratung,0,Normal
INV-2026-00876,VND-5012,Kramer GbR,2026-05-20,221.24,DE15752553419283276483,Marketing,0,Normal
INV-2026-00302,VND-4611,Dörr,2026-05-10,3375.89,DE36534624751079911838,Beratung,1,Doppelte Rechnung
INV-2026-00878,VND-6574,Pohl,2026-08-10,2333.97,DE02708317278895798687,Marketing,0,Normal
INV-2026-00879,VND-5012,Kramer GbR,2026-07-20,138.79,DE15752553419283276483,Bürobedarf,0,Normal
INV-2026-00880,VND-5506,Kaul Schleich GbR,2026-09-19,1683.82,DE04078161849593103413,IT-Services,0,Normal
INV-2026-00881,VND-2535,Rogner Dippel AG,2025-10-22,1674.76,DE82801326773602606474,Beratung,0,Normal
INV-2026-00882,VND-4257,Heydrich GmbH,2026-03-30,1386.97,DE51935348740164005242,Beratung,0,Normal
INV-2026-00883,VND-1488,Löchel Langern GmbH & Co. KG,2026-09-25,693.71,DE62010651333872624731,IT-Services,0,Normal
INV-2026-00884,VND-4811,Pechel AG,2026-08-17,958.73,DE71219136193990916998,Beratung,0,Normal
INV-2026-00885,VND-4657,Junk,2026-05-17,2645.21,DE52030564139537672423,IT-Services,0,Normal
INV-2026-00886,VND-1488,Löchel Langern GmbH & Co. KG,2026-06-17,2838.22,DE62010651333872624731,Instandhaltung,0,Normal
INV-2026-00887,VND-9928,Margraf,2025-12-19,834.92,DE39868011280598262045,IT-Services,0,Normal
INV-2026-00888,VND-6574,Pohl,2026-02-08,1852.91,DE02708317278895798687,Marketing,0,Normal
INV-2026-00889,VND-4527,Kitzmann GmbH,2026-05-29,1688.14,DE27668893734670656272,Bürobedarf,0,Normal
INV-2026-00890,VND-5506,Kaul Schleich GbR,2026-04-09,1412.08,DE04078161849593103413,IT-Services,0,Normal
INV-2026-00891,VND-3547,Heinrich GmbH,2026-04-19,1833.02,DE77231665876036690967,Marketing,0,Normal
INV-2026-00892,VND-7873,Klemt AG & Co. OHG,2025-12-04,558.69,DE82315869232260256342,Instandhaltung,0,Normal
INV-2026-00893,VND-3286,Rörricht,2025-10-31,3403.97,DE52849696532871012269,Bürobedarf,0,Normal
INV-2026-00894,VND-4582,Textor Wagenknecht e.V.,2026-03-30,320.37,DE43872343098050097882,Instandhaltung,0,Normal
INV-2026-00895,VND-6574,Pohl,2025-11-16,2213.93,DE02708317278895798687,Marketing,0,Normal
INV-2026-00896,VND-4527,Kitzmann GmbH,2026-08-17,2558.51,DE27668893734670656272,IT-Services,0,Normal
INV-2026-00897,VND-4257,Heydrich GmbH,2026-09-21,1420.87,DE51935348740164005242,Beratung,0,Normal
INV-2026-00898,VND-1434,Eigenwillig Keudel AG,2026-08-28,1630.64,DE52354278498084124118,IT-Services,0,Normal
INV-2026-00899,VND-7873,Klemt AG & Co. OHG,2026-02-17,2077.14,DE82315869232260256342,Instandhaltung,0,Normal
INV-2026-00900,VND-4657,Junk,2026-07-11,561.29,DE52030564139537672423,Marketing,0,Normal
INV-2026-00901,VND-5012,Kramer GbR,2025-11-08,3241.0,DE15752553419283276483,Marketing,0,Normal
INV-2026-00902,VND-7924,Barth AG,2026-04-20,1037.02,DE70379176936763201632,Marketing,0,Normal
INV-2026-00903,VND-3547,Heinrich GmbH,2026-06-14,1467.57,DE77231665876036690967,Instandhaltung,0,Normal
INV-2026-00904,VND-9928,Margraf,2025-12-13,2150.92,DE39868011280598262045,IT-Services,0,Normal
INV-2026-00905,VND-2535,Rogner Dippel AG,2025-10-22,546.29,DE82801326773602606474,Marketing,0,Normal
INV-2026-00906,VND-2535,Rogner Dippel AG,2026-01-11,183.8,DE82801326773602606474,Beratung,0,Normal
INV-2026-00907,VND-1409,Gumprich,2026-07-08,2622.84,DE80863794026542351161,Beratung,0,Normal
INV-2026-00908,VND-2824,Dowerg,2026-03-26,1215.64,DE64043321819600133890,Beratung,0,Normal
INV-2026-00909,VND-6574,Pohl,2026-03-26,1746.09,DE02708317278895798687,IT-Services,0,Normal
INV-2026-00910,VND-9935,Patberg AG,2026-04-28,513.63,DE62489325288095701543,Instandhaltung,0,Normal
INV-2026-00911,VND-1520,Beckmann GmbH,2026-04-28,979.5,DE29183473829973763116,Instandhaltung,0,Normal
INV-2026-00912,VND-5506,Kaul Schleich GbR,2026-05-31,698.38,DE04078161849593103413,Bürobedarf,0,Normal
INV-2026-00913,VND-4582,Textor Wagenknecht e.V.,2025-12-07,2606.26,DE43872343098050097882,Marketing,0,Normal
INV-2026-00914,VND-6574,Pohl,2026-02-28,243.91,DE02708317278895798687,Bürobedarf,1,Wochenend-Buchung
INV-2026-00915,VND-4657,Junk,2026-02-28,2742.78,DE52030564139537672423,Marketing,0,Normal
INV-2026-00916,VND-2824,Dowerg,2026-09-28,649.39,DE64043321819600133890,Bürobedarf,0,Normal
INV-2026-00917,VND-9935,Patberg AG,2026-01-24,164.1,DE62489325288095701543,IT-Services,0,Normal
INV-2026-00918,VND-5557,Krause KG,2026-03-06,736.93,DE30340608835615951484,Beratung,0,Normal
INV-2026-00919,VND-1434,Eigenwillig Keudel AG,2026-03-14,1419.45,DE52354278498084124118,IT-Services,0,Normal
INV-2026-00920,VND-9935,Patberg AG,2026-08-03,1335.01,DE62489325288095701543,Marketing,0,Normal
INV-2026-00921,VND-5552,Weimer GmbH & Co. KGaA,2026-02-15,1687.31,DE67743487347143455812,Marketing,0,Normal
INV-2026-00922,VND-3286,Rörricht,2026-06-27,2939.91,DE52849696532871012269,Beratung,0,Normal
INV-2026-00923,VND-5557,Krause KG,2026-05-27,361.85,DE30340608835615951484,IT-Services,0,Normal
INV-2026-00924,VND-3286,Rörricht,2025-10-27,2995.68,DE52849696532871012269,Bürobedarf,0,Normal
INV-2026-00925,VND-4611,Dörr,2026-08-09,826.64,DE32607337543303654145,Bürobedarf,0,Normal
INV-2026-00926,VND-4582,Textor Wagenknecht e.V.,2026-06-09,1820.82,DE43872343098050097882,IT-Services,0,Normal
INV-2026-00927,VND-4657,Junk,2026-06-15,2283.43,DE52030564139537672423,Marketing,0,Normal
INV-2026-00928,VND-9935,Patberg AG,2026-02-13,920.75,DE62489325288095701543,Beratung,0,Normal
INV-2026-00929,VND-5557,Krause KG,2025-11-01,2267.45,DE30340608835615951484,Instandhaltung,0,Normal
INV-2026-00930,VND-5552,Weimer GmbH & Co. KGaA,2026-02-12,1253.05,DE67743487347143455812,Beratung,0,Normal
INV-2026-00931,VND-7912,Steckel Seip GmbH,2025-11-12,2386.33,DE60787133150983930103,Marketing,0,Normal
INV-2026-00932,VND-5012,Kramer GbR,2026-05-11,75.35,DE15752553419283276483,Beratung,0,Normal
INV-2026-00933,VND-7873,Klemt AG & Co. OHG,2026-06-27,2151.22,DE82315869232260256342,Beratung,0,Normal
INV-2026-00934,VND-9279,Heß Haase OHG mbH,2026-03-06,270.24,DE36534624751079911838,Beratung,0,Normal
INV-2026-00935,VND-5552,Weimer GmbH & Co. KGaA,2026-01-25,1005.25,DE67743487347143455812,Beratung,0,Normal
INV-2026-00936,VND-1434,Eigenwillig Keudel AG,2026-01-12,2690.89,DE52354278498084124118,IT-Services,0,Normal
INV-2026-00937,VND-7924,Barth AG,2026-07-15,2844.6,DE70379176936763201632,Instandhaltung,0,Normal
INV-2026-00938,VND-8359,Pechel,2026-09-02,532.76,DE30685014294019655698,IT-Services,0,Normal
INV-2026-00939,VND-7912,Steckel Seip GmbH,2026-06-18,945.02,DE60787133150983930103,Instandhaltung,0,Normal
INV-2026-00940,VND-1106,Lange,2026-09-23,171.85,DE55564823662994680443,Marketing,0,Normal
INV-2026-00941,VND-1520,Beckmann GmbH,2026-05-29,2556.6,DE29183473829973763116,Bürobedarf,0,Normal
INV-2026-00942,VND-4611,Dörr,2026-09-11,2757.89,DE32607337543303654145,Beratung,0,Normal
INV-2026-00943,VND-5552,Weimer GmbH & Co. KGaA,2025-12-04,636.45,DE67743487347143455812,Marketing,0,Normal
INV-2026-00944,VND-5012,Kramer GbR,2026-02-13,1674.19,DE15752553419283276483,Beratung,0,Normal
INV-2026-00945,VND-4257,Heydrich GmbH,2025-11-07,2682.07,DE51935348740164005242,Bürobedarf,0,Normal
INV-2026-00946,VND-3547,Heinrich GmbH,2026-05-21,1207.93,DE77231665876036690967,IT-Services,0,Normal
INV-2026-00947,VND-9935,Patberg AG,2026-06-21,2617.52,DE62489325288095701543,Beratung,0,Normal
INV-2026-00948,VND-3547,Heinrich GmbH,2025-11-30,1193.04,DE77231665876036690967,Beratung,0,Normal
INV-2026-00484,VND-4257,Heydrich GmbH,2026-09-28,1045.68,DE71219136193990916998,Instandhaltung,1,Doppelte Rechnung
INV-2026-00950,VND-3547,Heinrich GmbH,2026-02-19,721.18,DE77231665876036690967,IT-Services,0,Normal
INV-2026-00951,VND-2535,Rogner Dippel AG,2026-02-04,42170.66,DE82801326773602606474,Instandhaltung,1,Ungewöhnlich hoher Betrag
INV-2026-00952,VND-2679,Krause GmbH,2026-06-18,1232.21,DE30978480184514627048,Marketing,0,Normal
INV-2026-00953,VND-4811,Pechel AG,2026-07-05,544.12,DE71219136193990916998,Bürobedarf,0,Normal
INV-2026-00954,VND-9279,Heß Haase OHG mbH,2026-06-21,1197.57,DE36534624751079911838,Bürobedarf,0,Normal
INV-2026-00955,VND-1409,Gumprich,2026-03-08,66.26,DE80863794026542351161,Beratung,0,Normal
INV-2026-00956,VND-3615,Zimmer Sager KG,2025-11-26,631.69,DE95577738721489513433,Bürobedarf,0,Normal
INV-2026-00957,VND-3615,Zimmer Sager KG,2026-05-26,2740.15,DE95577738721489513433,Bürobedarf,0,Normal
INV-2026-00958,VND-4611,Dörr,2026-07-09,1531.46,DE32607337543303654145,Instandhaltung,0,Normal
INV-2026-00959,VND-2535,Rogner Dippel AG,2026-10-06,66.11,DE82801326773602606474,Marketing,0,Normal
INV-2026-00960,VND-1488,Löchel Langern GmbH & Co. KG,2025-11-08,3327.74,DE62010651333872624731,Beratung,0,Normal
INV-2026-00961,VND-1434,Eigenwillig Keudel AG,2026-02-04,707.49,DE52354278498084124118,IT-Services,0,Normal
INV-2026-00962,VND-9935,Patberg AG,2026-05-12,830.62,DE62489325288095701543,Beratung,0,Normal
INV-2026-00963,VND-5012,Kramer GbR,2026-03-02,1373.25,DE15752553419283276483,Marketing,0,Normal
INV-2026-00964,VND-5506,Kaul Schleich GbR,2026-06-13,2892.26,DE04078161849593103413,Beratung,0,Normal
INV-2026-00965,VND-4811,Pechel AG,2026-08-10,2561.02,DE71219136193990916998,Marketing,0,Normal
INV-2026-00966,VND-4582,Textor Wagenknecht e.V.,2026-02-11,3113.51,DE43872343098050097882,Bürobedarf,0,Normal
INV-2026-00967,VND-3547,Heinrich GmbH,2026-08-18,1741.12,DE77231665876036690967,Bürobedarf,0,Normal
INV-2026-00968,VND-4527,Kitzmann GmbH,2025-11-25,115896.1,DE27668893734670656272,Instandhaltung,1,Ungewöhnlich hoher Betrag
INV-2026-00969,VND-4657,Junk,2026-06-24,778.61,DE52030564139537672423,IT-Services,0,Normal
INV-2026-00970,VND-3286,Rörricht,2026-07-06,474.91,DE52849696532871012269,IT-Services,0,Normal
INV-2026-00971,VND-4611,Dörr,2026-08-24,932.47,DE32607337543303654145,Marketing,0,Normal
INV-2026-00972,VND-7873,Klemt AG & Co. OHG,2026-07-20,3481.65,DE82315869232260256342,IT-Services,0,Normal
INV-2026-00973,VND-2824,Dowerg,2026-06-30,216.41,DE64043321819600133890,IT-Services,0,Normal
INV-2026-00974,VND-2535,Rogner Dippel AG,2026-09-26,476.4,DE82801326773602606474,Beratung,0,Normal
INV-2026-00975,VND-4657,Junk,2026-04-29,758.96,DE52030564139537672423,IT-Services,0,Normal
INV-2026-00976,VND-8359,Pechel,2025-11-12,398.38,DE30685014294019655698,Marketing,0,Normal
INV-2026-00977,VND-7873,Klemt AG & Co. OHG,2026-06-14,2467.51,DE82315869232260256342,Instandhaltung,0,Normal
INV-2026-00978,VND-5012,Kramer GbR,2026-06-24,1814.97,DE15752553419283276483,Marketing,0,Normal
INV-2026-00979,VND-5012,Kramer GbR,2026-03-20,2757.42,DE15752553419283276483,Instandhaltung,0,Normal
INV-2026-00980,VND-2679,Krause GmbH,2026-04-22,2733.96,DE30978480184514627048,Marketing,0,Normal
INV-2026-00981,VND-1488,Löchel Langern GmbH & Co. KG,2026-02-24,2476.86,DE62010651333872624731,Beratung,0,Normal
INV-2026-00982,VND-4257,Heydrich GmbH,2025-10-14,1762.42,DE51935348740164005242,Bürobedarf,0,Normal
INV-2026-00929,VND-5557,Krause KG,2026-02-24,2267.45,DE36534624751079911838,IT-Services,1,Doppelte Rechnung
INV-2026-00984,VND-5012,Kramer GbR,2026-02-03,2931.55,DE15752553419283276483,Instandhaltung,0,Normal
INV-2026-00985,VND-5506,Kaul Schleich GbR,2025-12-16,2739.37,DE04078161849593103413,IT-Services,0,Normal
INV-2026-00986,VND-5012,Kramer GbR,2025-12-29,3171.49,DE15752553419283276483,Bürobedarf,0,Normal
INV-2026-00987,VND-7912,Steckel Seip GmbH,2026-02-16,961.23,DE60787133150983930103,IT-Services,0,Normal
INV-2026-00988,VND-3286,Rörricht,2026-07-31,3065.78,DE52849696532871012269,Beratung,0,Normal
INV-2026-00989,VND-8359,Pechel,2026-04-13,1128.84,DE30685014294019655698,IT-Services,0,Normal
INV-2026-00990,VND-3615,Zimmer Sager KG,2025-12-20,3121.51,DE95577738721489513433,IT-Services,0,Normal
INV-2026-00991,VND-8359,Pechel,2026-01-02,2282.84,DE30685014294019655698,Beratung,0,Normal
INV-2026-00992,VND-4811,Pechel AG,2025-11-29,3345.06,DE71219136193990916998,Beratung,0,Normal
INV-2026-00993,VND-5506,Kaul Schleich GbR,2025-12-06,1335.55,DE04078161849593103413,Beratung,0,Normal
INV-2026-00994,VND-2535,Rogner Dippel AG,2025-11-05,1430.86,DE82801326773602606474,Instandhaltung,0,Normal
INV-2026-00995,VND-2535,Rogner Dippel AG,2026-01-29,2430.16,DE82801326773602606474,Instandhaltung,0,Normal
INV-2026-00996,VND-4611,Dörr,2026-08-30,3107.13,DE32607337543303654145,Bürobedarf,0,Normal
INV-2026-00997,VND-5557,Krause KG,2026-08-09,2556.12,DE30340608835615951484,Bürobedarf,0,Normal
INV-2026-00998,VND-4527,Kitzmann GmbH,2025-11-15,2088.09,DE27668893734670656272,Marketing,0,Normal
INV-2026-00999,VND-3286,Rörricht,2026-04-22,2159.06,DE52849696532871012269,Beratung,0,Normal
INV-2026-01000,VND-5552,Weimer GmbH & Co. KGaA,2026-08-02,2411.4,DE67743487347143455812,Bürobedarf,0,Normal
