invoice_id,invoice_date,vendor_id,vendor_name,category,amount_eur,iban,ist_anomalie,anomalie_typ
RE-2025-00001,2025-10-29,VND-0014,Textor Wagenknecht e.V.,IT Services,1141.18,DE43872343098050097882,0,KEINE
RE-2025-00002,2025-03-24,VND-0028,Weimer GmbH & Co. KGaA,Facility Management,82.17,DE67743487347143455812,0,KEINE
RE-2025-00003,2025-04-21,VND-0011,Beckmann GmbH,Facility Management,1425.46,DE29183473829973763116,0,KEINE
RE-2025-00004,2025-07-14,VND-0011,Beckmann GmbH,Facility Management,555.94,DE29183473829973763116,0,KEINE
RE-2025-00005,2025-05-16,VND-0028,Weimer GmbH & Co. KGaA,Facility Management,1752.58,DE67743487347143455812,0,KEINE
RE-2025-00006,2025-03-05,VND-0024,Lange,IT Services,2324.15,DE55564823662994680443,0,KEINE
RE-2025-00007,2025-06-02,VND-0013,Rogner Dippel AG,Logistics,440.06,DE82801326773602606474,0,KEINE
RE-2025-00008,2025-07-07,VND-0020,Klemt AG & Co. OHG,Office Supplies,4432.99,DE82315869232260256342,0,KEINE
RE-2025-00009,2025-12-05,VND-0023,Krause KG,Logistics,394.3,DE30340608835615951484,0,KEINE
RE-2025-00010,2025-04-30,VND-0010,Steckel Seip GmbH,IT Services,4926.85,DE60787133150983930103,0,KEINE
RE-2025-00011,2025-11-24,VND-0013,Rogner Dippel AG,Logistics,1425.97,DE82801326773602606474,0,KEINE
RE-2025-00012,2025-04-18,VND-0006,Rörricht,Office Supplies,1882.4,DE52849696532871012269,0,KEINE
RE-2025-00013,2025-11-28,VND-0023,Krause KG,Logistics,4686.44,DE52980699016272046537,1,IBAN_ABWEICHUNG
RE-2025-00014,2025-03-25,VND-0018,Heydrich GmbH,IT Services,3659.18,DE51935348740164005242,0,KEINE
RE-2025-00015,2025-11-24,VND-0009,Hendriks KG,Facility Management,4948.14,DE36117182278248963834,0,KEINE
RE-2025-00016,2025-01-29,VND-0008,Patberg AG,Office Supplies,3438.84,DE62489325288095701543,0,KEINE
RE-2025-00017,2025-07-25,VND-0002,Gumprich,IT Services,4034.98,DE80863794026542351161,0,KEINE
RE-2025-00018,2025-10-20,VND-0007,Krause GmbH,Office Supplies,4570.02,DE30978480184514627048,0,KEINE
RE-2025-00019,2025-09-15,VND-0011,Beckmann GmbH,Facility Management,1102.5,DE29183473829973763116,0,KEINE
RE-2025-00020,2025-03-17,VND-0030,Kitzmann GmbH,Logistics,3232.12,DE27668893734670656272,0,KEINE
RE-2025-00021,2025-10-03,VND-0008,Patberg AG,Office Supplies,3737.7,DE62489325288095701543,0,KEINE
RE-2025-00022,2025-10-27,VND-0019,Margraf,IT Services,2170.75,DE39868011280598262045,0,KEINE
RE-2025-00023,2025-03-12,VND-0008,Patberg AG,Office Supplies,4986.76,DE62489325288095701543,0,KEINE
RE-2025-00024,2025-02-26,VND-0003,Kaul Schleich GbR,IT Services,3791.12,DE04078161849593103413,0,KEINE
RE-2025-00025,2025-08-05,VND-0006,Rörricht,Office Supplies,3970.79,DE52849696532871012269,0,KEINE
RE-2025-00026,2025-08-28,VND-0013,Rogner Dippel AG,Logistics,1939.02,DE82801326773602606474,0,KEINE
RE-2025-00027,2025-01-06,VND-0018,Heydrich GmbH,IT Services,4310.86,DE51935348740164005242,0,KEINE
RE-2025-00028,2025-10-02,VND-0004,Kramer GbR,Facility Management,3424.47,DE15752553419283276483,0,KEINE
RE-2025-00029,2025-02-27,VND-0025,Zimmer Sager KG,Logistics,3222.76,DE95577738721489513433,0,KEINE
RE-2025-00030,2025-05-15,VND-0006,Rörricht,Office Supplies,2295.93,DE52849696532871012269,0,KEINE
RE-2025-00031,2025-02-24,VND-0025,Zimmer Sager KG,Logistics,934.33,DE95577738721489513433,0,KEINE
RE-2025-00032,2025-09-17,VND-0010,Steckel Seip GmbH,IT Services,4216.26,DE60787133150983930103,0,KEINE
RE-2025-00033,2025-03-24,VND-0005,Junk,Marketing,1900.87,DE52030564139537672423,0,KEINE
RE-2025-00034,2025-01-01,VND-0025,Zimmer Sager KG,Logistics,4616.05,DE95577738721489513433,0,KEINE
RE-2025-00035,2025-07-07,VND-0016,Heß Haase OHG mbH,Consulting,146.41,DE36534624751079911838,0,KEINE
RE-2025-00036,2025-05-05,VND-0027,Pohl,Facility Management,21852.28,DE02708317278895798687,1,HOHER_BETRAG
RE-2025-00037,2025-09-30,VND-0016,Heß Haase OHG mbH,Consulting,4089.32,DE36534624751079911838,0,KEINE
RE-2025-00038,2025-10-09,VND-0005,Junk,Marketing,3315.77,DE52030564139537672423,0,KEINE
RE-2025-00039,2025-08-05,VND-0017,Eigenwillig Keudel AG,IT Services,4368.54,DE52354278498084124118,0,KEINE
RE-2025-00040,2025-12-22,VND-0030,Kitzmann GmbH,Logistics,2719.52,DE27668893734670656272,0,KEINE
RE-2025-00041,2025-12-10,VND-0010,Steckel Seip GmbH,IT Services,2025.01,DE60787133150983930103,0,KEINE
RE-2025-00042,2025-08-20,VND-0015,Pechel AG,Logistics,4503.09,DE71219136193990916998,0,KEINE
RE-2025-00043,2025-01-13,VND-0008,Patberg AG,Office Supplies,366.93,DE62489325288095701543,0,KEINE
RE-2025-00044,2025-01-06,VND-0008,Patberg AG,Office Supplies,33315.34,DE62489325288095701543,1,HOHER_BETRAG
RE-2025-00045,2025-06-19,VND-0029,Heinrich GmbH,Facility Management,205.49,DE63556464170805310033,1,IBAN_ABWEICHUNG
RE-2025-00046,2025-04-21,VND-0009,Hendriks KG,Facility Management,3361.44,DE36117182278248963834,0,KEINE
RE-2025-00047,2025-10-20,VND-0024,Lange,IT Services,4680.8,DE55564823662994680443,0,KEINE
RE-2025-00048,2025-07-28,VND-0008,Patberg AG,Office Supplies,3933.87,DE62489325288095701543,0,KEINE
RE-2025-00049,2025-07-01,VND-0004,Kramer GbR,Facility Management,3311.96,DE15752553419283276483,0,KEINE
RE-2025-00050,2025-01-28,VND-0015,Pechel AG,Logistics,4325.99,DE71219136193990916998,0,KEINE
RE-2025-00051,2025-07-28,VND-0021,Dörr,Office Supplies,537.17,DE32607337543303654145,0,KEINE
RE-2025-00052,2025-05-08,VND-0026,Barth AG,Office Supplies,4315.28,DE70379176936763201632,0,KEINE
RE-2025-00053,2025-08-05,VND-0018,Heydrich GmbH,IT Services,2270.64,DE51935348740164005242,0,KEINE
RE-2025-00054,2025-02-10,VND-0015,Pechel AG,Logistics,1286.54,DE71219136193990916998,0,KEINE
RE-2025-00055,2025-02-20,VND-0028,Weimer GmbH & Co. KGaA,Facility Management,92519.7,DE67743487347143455812,1,HOHER_BETRAG
RE-2025-00056,2025-05-02,VND-0030,Kitzmann GmbH,Logistics,3780.15,DE27668893734670656272,0,KEINE
RE-2025-00057,2025-07-25,VND-0016,Heß Haase OHG mbH,Consulting,2432.72,DE36534624751079911838,0,KEINE
RE-2025-00058,2025-07-21,VND-0006,Rörricht,Office Supplies,1925.92,DE52849696532871012269,0,KEINE
RE-2025-00059,2025-05-27,VND-0026,Barth AG,Office Supplies,3936.39,DE70379176936763201632,0,KEINE
RE-2025-00060,2025-10-13,VND-0024,Lange,IT Services,4977.34,DE55564823662994680443,0,KEINE
RE-2025-00061,2025-06-02,VND-0016,Heß Haase OHG mbH,Consulting,816.24,DE36534624751079911838,0,KEINE
RE-2025-00062,2025-10-11,VND-0002,Gumprich,IT Services,2916.94,DE80863794026542351161,1,WOCHENEND_BUCHUNG
RE-2025-00063,2025-09-15,VND-0002,Gumprich,IT Services,2941.68,DE80863794026542351161,0,KEINE
RE-2025-00064,2025-09-18,VND-0017,Eigenwillig Keudel AG,IT Services,829.29,DE52354278498084124118,0,KEINE
RE-2025-00065,2025-02-04,VND-0006,Rörricht,Office Supplies,389.18,DE52849696532871012269,0,KEINE
RE-2025-00066,2025-10-20,VND-0008,Patberg AG,Office Supplies,2048.69,DE62489325288095701543,0,KEINE
RE-2025-00067,2025-02-11,VND-0020,Klemt AG & Co. OHG,Office Supplies,246.72,DE82315869232260256342,0,KEINE
RE-2025-00068,2025-06-11,VND-0019,Margraf,IT Services,2847.87,DE39868011280598262045,0,KEINE
RE-2025-00069,2025-06-10,VND-0007,Krause GmbH,Office Supplies,3365.14,DE30978480184514627048,0,KEINE
RE-2025-00070,2025-11-27,VND-0013,Rogner Dippel AG,Logistics,697.85,DE82801326773602606474,0,KEINE
RE-2025-00071,2025-02-07,VND-0011,Beckmann GmbH,Facility Management,20860.86,DE29183473829973763116,1,HOHER_BETRAG
RE-2025-00072,2025-03-10,VND-0007,Krause GmbH,Office Supplies,2554.13,DE30978480184514627048,0,KEINE
RE-2025-00073,2025-05-06,VND-0029,Heinrich GmbH,Facility Management,390.52,DE77231665876036690967,0,KEINE
RE-2025-00074,2025-10-06,VND-0006,Rörricht,Office Supplies,2219.01,DE52849696532871012269,0,KEINE
RE-2025-00075,2025-12-01,VND-0020,Klemt AG & Co. OHG,Office Supplies,4920.07,DE82315869232260256342,0,KEINE
RE-2025-00076,2025-06-03,VND-0022,Pechel,Logistics,4094.67,DE30685014294019655698,0,KEINE
RE-2025-00077,2025-03-10,VND-0004,Kramer GbR,Facility Management,4697.7,DE15752553419283276483,0,KEINE
RE-2025-00078,2025-10-13,VND-0029,Heinrich GmbH,Facility Management,579.83,DE77231665876036690967,0,KEINE
RE-2025-00079,2025-06-25,VND-0010,Steckel Seip GmbH,IT Services,3043.91,DE60787133150983930103,0,KEINE
RE-2025-00080,2025-09-16,VND-0021,Dörr,Office Supplies,4271.92,DE32607337543303654145,0,KEINE
RE-2025-00081,2025-01-27,VND-0029,Heinrich GmbH,Facility Management,4545.39,DE77231665876036690967,0,KEINE
RE-2025-00082,2025-01-23,VND-0014,Textor Wagenknecht e.V.,IT Services,4155.27,DE09092327193745299124,1,IBAN_ABWEICHUNG
RE-2025-00083,2025-03-24,VND-0021,Dörr,Office Supplies,4900.0,DE32607337543303654145,0,KEINE
RE-2025-00084,2025-10-15,VND-0018,Heydrich GmbH,IT Services,90604.08,DE51935348740164005242,1,HOHER_BETRAG
RE-2025-00085,2025-10-11,VND-0023,Krause KG,Logistics,4524.45,DE30340608835615951484,1,WOCHENEND_BUCHUNG
RE-2025-00086,2025-06-09,VND-0014,Textor Wagenknecht e.V.,IT Services,680.86,DE43872343098050097882,0,KEINE
RE-2025-00087,2025-01-21,VND-0030,Kitzmann GmbH,Logistics,3990.81,DE27668893734670656272,0,KEINE
RE-2025-00088,2025-12-08,VND-0007,Krause GmbH,Office Supplies,3426.23,DE30978480184514627048,0,KEINE
RE-2025-00089,2025-07-28,VND-0025,Zimmer Sager KG,Logistics,2821.42,DE95577738721489513433,0,KEINE
RE-2025-00090,2025-05-02,VND-0024,Lange,IT Services,815.04,DE55564823662994680443,0,KEINE
RE-2025-00091,2025-08-03,VND-0026,Barth AG,Office Supplies,4063.32,DE70379176936763201632,1,WOCHENEND_BUCHUNG
RE-2025-00092,2025-05-08,VND-0026,Barth AG,Office Supplies,3366.04,DE70379176936763201632,0,KEINE
RE-2025-00093,2025-07-15,VND-0026,Barth AG,Office Supplies,3521.33,DE70379176936763201632,0,KEINE
RE-2025-00094,2025-04-14,VND-0028,Weimer GmbH & Co. KGaA,Facility Management,2379.92,DE67743487347143455812,0,KEINE
RE-2025-00095,2025-04-28,VND-0015,Pechel AG,Logistics,1780.81,DE71219136193990916998,0,KEINE
RE-2025-00096,2025-06-18,VND-0022,Pechel,Logistics,1005.99,DE30685014294019655698,0,KEINE
RE-2025-00097,2025-05-23,VND-0003,Kaul Schleich GbR,IT Services,4836.1,DE04078161849593103413,0,KEINE
RE-2025-00098,2025-10-02,VND-0017,Eigenwillig Keudel AG,IT Services,2028.41,DE52354278498084124118,0,KEINE
RE-2025-00099,2025-05-14,VND-0001,Dowerg,Facility Management,620.94,DE64043321819600133890,0,KEINE
RE-2025-00100,2025-11-03,VND-0009,Hendriks KG,Facility Management,239.37,DE36117182278248963834,0,KEINE
RE-2025-00101,2025-08-12,VND-0024,Lange,IT Services,3942.82,DE55564823662994680443,0,KEINE
RE-2025-00102,2025-10-23,VND-0017,Eigenwillig Keudel AG,IT Services,622.45,DE52354278498084124118,0,KEINE
RE-2025-00103,2025-01-01,VND-0002,Gumprich,IT Services,3558.49,DE80863794026542351161,0,KEINE
RE-2025-00104,2025-12-10,VND-0026,Barth AG,Office Supplies,2715.34,DE70379176936763201632,0,KEINE
RE-2025-00105,2025-12-08,VND-0014,Textor Wagenknecht e.V.,IT Services,396.37,DE43872343098050097882,0,KEINE
RE-2025-00106,2025-03-05,VND-0020,Klemt AG & Co. OHG,Office Supplies,1603.88,DE82315869232260256342,0,KEINE
RE-2025-00107,2025-12-08,VND-0010,Steckel Seip GmbH,IT Services,2560.26,DE60787133150983930103,0,KEINE
RE-2025-00108,2025-10-13,VND-0013,Rogner Dippel AG,Logistics,3501.18,DE82801326773602606474,0,KEINE
RE-2025-00109,2025-07-14,VND-0014,Textor Wagenknecht e.V.,IT Services,3341.4,DE43872343098050097882,0,KEINE
RE-2025-00110,2025-10-20,VND-0029,Heinrich GmbH,Facility Management,911.44,DE77231665876036690967,0,KEINE
RE-2025-00111,2025-06-05,VND-0018,Heydrich GmbH,IT Services,4176.94,DE51935348740164005242,0,KEINE
RE-2025-00112,2025-11-07,VND-0014,Textor Wagenknecht e.V.,IT Services,3939.51,DE43872343098050097882,0,KEINE
RE-2025-00113,2025-12-12,VND-0015,Pechel AG,Logistics,2236.84,DE71219136193990916998,0,KEINE
RE-2025-00114,2025-03-28,VND-0016,Heß Haase OHG mbH,Consulting,3978.99,DE36534624751079911838,0,KEINE
RE-2025-00115,2025-11-21,VND-0010,Steckel Seip GmbH,IT Services,2601.49,DE60787133150983930103,0,KEINE
RE-2025-00116,2025-05-01,VND-0003,Kaul Schleich GbR,IT Services,4101.2,DE04078161849593103413,0,KEINE
RE-2025-00117,2025-03-17,VND-0008,Patberg AG,Office Supplies,4042.49,DE72190496631931491905,1,IBAN_ABWEICHUNG
RE-2025-00118,2025-02-07,VND-0016,Heß Haase OHG mbH,Consulting,3075.81,DE36534624751079911838,0,KEINE
RE-2025-00119,2025-04-10,VND-0029,Heinrich GmbH,Facility Management,3167.34,DE77231665876036690967,0,KEINE
RE-2025-00120,2025-05-05,VND-0013,Rogner Dippel AG,Logistics,2497.17,DE82801326773602606474,0,KEINE
RE-2025-00121,2025-02-24,VND-0023,Krause KG,Logistics,77.45,DE30340608835615951484,0,KEINE
RE-2025-00122,2025-12-23,VND-0008,Patberg AG,Office Supplies,920.64,DE62489325288095701543,0,KEINE
RE-2025-00123,2025-03-04,VND-0002,Gumprich,IT Services,2809.16,DE80863794026542351161,0,KEINE
RE-2025-00124,2025-09-29,VND-0026,Barth AG,Office Supplies,2349.98,DE70379176936763201632,0,KEINE
RE-2025-00125,2025-08-15,VND-0020,Klemt AG & Co. OHG,Office Supplies,1620.62,DE82315869232260256342,0,KEINE
RE-2025-00126,2025-08-07,VND-0024,Lange,IT Services,4465.5,DE55564823662994680443,0,KEINE
RE-2025-00127,2025-03-24,VND-0018,Heydrich GmbH,IT Services,2257.27,DE51935348740164005242,0,KEINE
RE-2025-00128,2025-05-07,VND-0016,Heß Haase OHG mbH,Consulting,2277.85,DE36534624751079911838,0,KEINE
RE-2025-00129,2025-09-24,VND-0009,Hendriks KG,Facility Management,3840.78,DE36117182278248963834,0,KEINE
RE-2025-00130,2025-02-10,VND-0008,Patberg AG,Office Supplies,1409.26,DE62489325288095701543,0,KEINE
RE-2025-00131,2025-06-13,VND-0008,Patberg AG,Office Supplies,1394.99,DE62489325288095701543,0,KEINE
RE-2025-00132,2025-04-29,VND-0003,Kaul Schleich GbR,IT Services,734.95,DE04078161849593103413,0,KEINE
RE-2025-00133,2025-02-03,VND-0005,Junk,Marketing,3546.77,DE52030564139537672423,0,KEINE
RE-2025-00134,2025-08-01,VND-0009,Hendriks KG,Facility Management,239.37,DE36117182278248963834,1,DOPPELTE_RECHNUNG
RE-2025-00135,2025-12-23,VND-0002,Gumprich,IT Services,2809.16,DE80863794026542351161,1,DOPPELTE_RECHNUNG
RE-2025-00136,2025-06-02,VND-0001,Dowerg,Facility Management,4716.57,DE64043321819600133890,0,KEINE
RE-2025-00137,2025-08-04,VND-0028,Weimer GmbH & Co. KGaA,Facility Management,4463.63,DE67743487347143455812,0,KEINE
RE-2025-00138,2025-11-05,VND-0024,Lange,IT Services,2753.35,DE55564823662994680443,0,KEINE
RE-2025-00139,2025-08-12,VND-0016,Heß Haase OHG mbH,Consulting,1136.14,DE36534624751079911838,0,KEINE
RE-2025-00140,2025-12-15,VND-0013,Rogner Dippel AG,Logistics,1713.84,DE82801326773602606474,0,KEINE
RE-2025-00141,2025-08-28,VND-0024,Lange,IT Services,866.97,DE55564823662994680443,0,KEINE
RE-2025-00142,2025-07-21,VND-0020,Klemt AG & Co. OHG,Office Supplies,2693.91,DE82315869232260256342,0,KEINE
RE-2025-00143,2025-11-26,VND-0022,Pechel,Logistics,184.16,DE30685014294019655698,0,KEINE
RE-2025-00144,2025-01-27,VND-0028,Weimer GmbH & Co. KGaA,Facility Management,2335.41,DE67743487347143455812,0,KEINE
RE-2025-00145,2025-06-17,VND-0011,Beckmann GmbH,Facility Management,1097.72,DE29183473829973763116,0,KEINE
RE-2025-00146,2025-08-04,VND-0029,Heinrich GmbH,Facility Management,1926.67,DE77231665876036690967,0,KEINE
RE-2025-00147,2025-10-11,VND-0003,Kaul Schleich GbR,IT Services,2378.02,DE04078161849593103413,1,WOCHENEND_BUCHUNG
RE-2025-00148,2025-12-01,VND-0021,Dörr,Office Supplies,90968.94,DE32607337543303654145,1,HOHER_BETRAG
RE-2025-00149,2025-11-17,VND-0007,Krause GmbH,Office Supplies,4204.18,DE30978480184514627048,0,KEINE
RE-2025-00150,2025-02-28,VND-0005,Junk,Marketing,2394.13,DE52030564139537672423,0,KEINE
RE-2025-00151,2025-05-12,VND-0007,Krause GmbH,Office Supplies,2351.92,DE30978480184514627048,0,KEINE
RE-2025-00152,2025-02-28,VND-0006,Rörricht,Office Supplies,3049.17,DE52849696532871012269,0,KEINE
RE-2025-00153,2025-02-25,VND-0006,Rörricht,Office Supplies,4825.37,DE52849696532871012269,0,KEINE
RE-2025-00154,2025-12-15,VND-0030,Kitzmann GmbH,Logistics,1594.19,DE27668893734670656272,0,KEINE
RE-2025-00155,2025-04-14,VND-0013,Rogner Dippel AG,Logistics,2013.44,DE17865185067165726284,1,IBAN_ABWEICHUNG
RE-2025-00156,2025-06-04,VND-0004,Kramer GbR,Facility Management,3501.11,DE15752553419283276483,0,KEINE
RE-2025-00157,2025-10-17,VND-0020,Klemt AG & Co. OHG,Office Supplies,4037.36,DE82315869232260256342,0,KEINE
RE-2025-00158,2025-12-05,VND-0012,Löchel Langern GmbH & Co. KG,Facility Management,2687.09,DE62010651333872624731,0,KEINE
RE-2025-00159,2025-01-07,VND-0017,Eigenwillig Keudel AG,IT Services,3255.34,DE52354278498084124118,0,KEINE
RE-2025-00160,2025-08-11,VND-0027,Pohl,Facility Management,2476.5,DE02708317278895798687,0,KEINE
RE-2025-00161,2025-08-25,VND-0021,Dörr,Office Supplies,4463.3,DE32607337543303654145,0,KEINE
RE-2025-00162,2025-09-25,VND-0014,Textor Wagenknecht e.V.,IT Services,921.88,DE43872343098050097882,0,KEINE
RE-2025-00163,2025-10-03,VND-0009,Hendriks KG,Facility Management,3098.77,DE36117182278248963834,0,KEINE
RE-2025-00164,2025-10-31,VND-0015,Pechel AG,Logistics,2206.09,DE71219136193990916998,0,KEINE
RE-2025-00165,2025-02-14,VND-0028,Weimer GmbH & Co. KGaA,Facility Management,1265.2,DE67743487347143455812,0,KEINE
RE-2025-00166,2025-08-26,VND-0015,Pechel AG,Logistics,1257.12,DE71219136193990916998,0,KEINE
RE-2025-00167,2025-01-15,VND-0022,Pechel,Logistics,1926.0,DE30685014294019655698,0,KEINE
RE-2025-00168,2025-04-21,VND-0011,Beckmann GmbH,Facility Management,950.11,DE29183473829973763116,0,KEINE
RE-2025-00169,2025-11-03,VND-0009,Hendriks KG,Facility Management,1734.68,DE36117182278248963834,0,KEINE
RE-2025-00170,2025-09-22,VND-0009,Hendriks KG,Facility Management,2801.17,DE36117182278248963834,0,KEINE
RE-2025-00171,2025-07-28,VND-0003,Kaul Schleich GbR,IT Services,1244.71,DE04078161849593103413,0,KEINE
RE-2025-00172,2025-09-01,VND-0025,Zimmer Sager KG,Logistics,1239.6,DE95577738721489513433,0,KEINE
RE-2025-00173,2025-01-09,VND-0016,Heß Haase OHG mbH,Consulting,2268.46,DE36534624751079911838,0,KEINE
RE-2025-00174,2025-05-05,VND-0008,Patberg AG,Office Supplies,2051.79,DE62489325288095701543,0,KEINE
RE-2025-00175,2025-10-13,VND-0019,Margraf,IT Services,1876.65,DE39868011280598262045,0,KEINE
RE-2025-00176,2025-10-09,VND-0014,Textor Wagenknecht e.V.,IT Services,4983.33,DE43872343098050097882,0,KEINE
RE-2025-00177,2025-06-06,VND-0023,Krause KG,Logistics,2296.04,DE30340608835615951484,0,KEINE
RE-2025-00178,2025-06-11,VND-0004,Kramer GbR,Facility Management,3620.36,DE15752553419283276483,0,KEINE
RE-2025-00179,2025-12-22,VND-0018,Heydrich GmbH,IT Services,4756.84,DE51935348740164005242,0,KEINE
RE-2025-00180,2025-05-22,VND-0007,Krause GmbH,Office Supplies,3706.09,DE30978480184514627048,0,KEINE
RE-2025-00181,2025-05-26,VND-0025,Zimmer Sager KG,Logistics,2646.95,DE95577738721489513433,0,KEINE
RE-2025-00182,2025-04-28,VND-0027,Pohl,Facility Management,1010.88,DE02708317278895798687,0,KEINE
RE-2025-00183,2025-10-01,VND-0010,Steckel Seip GmbH,IT Services,120.03,DE60787133150983930103,0,KEINE
RE-2025-00184,2025-10-13,VND-0002,Gumprich,IT Services,4872.76,DE80863794026542351161,0,KEINE
RE-2025-00185,2025-09-09,VND-0005,Junk,Marketing,3207.45,DE52030564139537672423,0,KEINE
RE-2025-00186,2025-08-29,VND-0001,Dowerg,Facility Management,2891.62,DE64043321819600133890,0,KEINE
RE-2025-00187,2025-01-27,VND-0011,Beckmann GmbH,Facility Management,962.6,DE29183473829973763116,0,KEINE
RE-2025-00188,2025-02-03,VND-0028,Weimer GmbH & Co. KGaA,Facility Management,2414.76,DE67743487347143455812,0,KEINE
RE-2025-00189,2025-12-18,VND-0003,Kaul Schleich GbR,IT Services,2906.25,DE46987769453147379965,1,IBAN_ABWEICHUNG
RE-2025-00190,2025-06-05,VND-0026,Barth AG,Office Supplies,2836.06,DE70379176936763201632,0,KEINE
RE-2025-00191,2025-08-04,VND-0008,Patberg AG,Office Supplies,636.34,DE62489325288095701543,0,KEINE
RE-2025-00192,2025-09-25,VND-0026,Barth AG,Office Supplies,3111.17,DE70379176936763201632,0,KEINE
RE-2025-00193,2025-10-29,VND-0030,Kitzmann GmbH,Logistics,2241.47,DE27668893734670656272,0,KEINE
RE-2025-00194,2025-01-31,VND-0010,Steckel Seip GmbH,IT Services,2864.72,DE60787133150983930103,0,KEINE
RE-2025-00195,2025-04-17,VND-0024,Lange,IT Services,541.21,DE55564823662994680443,0,KEINE
RE-2025-00196,2025-03-24,VND-0009,Hendriks KG,Facility Management,3319.12,DE36117182278248963834,0,KEINE
RE-2025-00197,2025-01-02,VND-0018,Heydrich GmbH,IT Services,421.57,DE51935348740164005242,0,KEINE
RE-2025-00198,2025-06-01,VND-0023,Krause KG,Logistics,2989.37,DE30340608835615951484,1,WOCHENEND_BUCHUNG
RE-2025-00199,2025-02-06,VND-0023,Krause KG,Logistics,4305.05,DE30340608835615951484,0,KEINE
RE-2025-00200,2025-11-17,VND-0030,Kitzmann GmbH,Logistics,1359.55,DE27668893734670656272,0,KEINE
RE-2025-00201,2025-08-06,VND-0026,Barth AG,Office Supplies,4671.66,DE70379176936763201632,0,KEINE
RE-2025-00202,2025-05-19,VND-0008,Patberg AG,Office Supplies,3255.79,DE62489325288095701543,0,KEINE
RE-2025-00203,2025-06-09,VND-0003,Kaul Schleich GbR,IT Services,345.21,DE04078161849593103413,0,KEINE
RE-2025-00204,2025-05-28,VND-0027,Pohl,Facility Management,2867.57,DE02708317278895798687,0,KEINE
RE-2025-00205,2025-12-25,VND-0015,Pechel AG,Logistics,3458.96,DE71219136193990916998,0,KEINE
RE-2025-00206,2025-09-10,VND-0009,Hendriks KG,Facility Management,2527.34,DE36117182278248963834,0,KEINE
RE-2025-00207,2025-08-11,VND-0020,Klemt AG & Co. OHG,Office Supplies,247.31,DE82315869232260256342,0,KEINE
RE-2025-00208,2025-02-17,VND-0020,Klemt AG & Co. OHG,Office Supplies,1289.32,DE82315869232260256342,0,KEINE
RE-2025-00209,2025-10-22,VND-0022,Pechel,Logistics,4188.0,DE30685014294019655698,0,KEINE
RE-2025-00210,2025-12-11,VND-0001,Dowerg,Facility Management,4997.88,DE64043321819600133890,0,KEINE
RE-2025-00211,2025-03-31,VND-0019,Margraf,IT Services,249.15,DE39868011280598262045,0,KEINE
RE-2025-00212,2025-05-23,VND-0021,Dörr,Office Supplies,2239.04,DE32607337543303654145,0,KEINE
RE-2025-00213,2025-09-09,VND-0019,Margraf,IT Services,2207.63,DE39868011280598262045,0,KEINE
RE-2025-00214,2025-06-20,VND-0016,Heß Haase OHG mbH,Consulting,1772.41,DE36534624751079911838,0,KEINE
RE-2025-00215,2025-06-18,VND-0004,Kramer GbR,Facility Management,4295.78,DE15752553419283276483,0,KEINE
RE-2025-00216,2025-07-25,VND-0016,Heß Haase OHG mbH,Consulting,1476.68,DE36534624751079911838,0,KEINE
RE-2025-00217,2025-02-17,VND-0018,Heydrich GmbH,IT Services,231.65,DE51935348740164005242,0,KEINE
RE-2025-00218,2025-07-28,VND-0011,Beckmann GmbH,Facility Management,623.81,DE29183473829973763116,0,KEINE
RE-2025-00219,2025-12-03,VND-0027,Pohl,Facility Management,4941.19,DE02708317278895798687,0,KEINE
RE-2025-00220,2025-04-07,VND-0015,Pechel AG,Logistics,2095.58,DE71219136193990916998,0,KEINE
RE-2025-00221,2025-11-17,VND-0020,Klemt AG & Co. OHG,Office Supplies,3794.39,DE82315869232260256342,0,KEINE
RE-2025-00222,2025-10-09,VND-0002,Gumprich,IT Services,1057.61,DE80863794026542351161,0,KEINE
RE-2025-00223,2025-12-24,VND-0010,Steckel Seip GmbH,IT Services,2218.67,DE60787133150983930103,0,KEINE
RE-2025-00224,2025-11-10,VND-0001,Dowerg,Facility Management,4867.08,DE64043321819600133890,0,KEINE
RE-2025-00225,2025-10-10,VND-0003,Kaul Schleich GbR,IT Services,3791.12,DE04078161849593103413,1,DOPPELTE_RECHNUNG
RE-2025-00226,2025-02-28,VND-0008,Patberg AG,Office Supplies,4961.67,DE62489325288095701543,0,KEINE
RE-2025-00227,2025-03-20,VND-0004,Kramer GbR,Facility Management,3256.16,DE15752553419283276483,0,KEINE
RE-2025-00228,2025-12-29,VND-0023,Krause KG,Logistics,1494.71,DE30340608835615951484,0,KEINE
RE-2025-00229,2025-09-01,VND-0027,Pohl,Facility Management,2438.37,DE02708317278895798687,0,KEINE
RE-2025-00230,2025-04-08,VND-0018,Heydrich GmbH,IT Services,765.98,DE51935348740164005242,0,KEINE
RE-2025-00231,2025-03-11,VND-0017,Eigenwillig Keudel AG,IT Services,3744.15,DE52354278498084124118,0,KEINE
RE-2025-00232,2025-08-01,VND-0009,Hendriks KG,Facility Management,3874.74,DE36117182278248963834,0,KEINE
RE-2025-00233,2025-01-02,VND-0026,Barth AG,Office Supplies,2563.3,DE70379176936763201632,0,KEINE
RE-2025-00234,2025-10-24,VND-0010,Steckel Seip GmbH,IT Services,4195.51,DE60787133150983930103,0,KEINE
RE-2025-00235,2025-08-18,VND-0016,Heß Haase OHG mbH,Consulting,4333.04,DE36534624751079911838,0,KEINE
RE-2025-00236,2025-10-06,VND-0012,Löchel Langern GmbH & Co. KG,Facility Management,1695.58,DE62010651333872624731,0,KEINE
RE-2025-00237,2025-04-07,VND-0030,Kitzmann GmbH,Logistics,1642.8,DE27668893734670656272,0,KEINE
RE-2025-00238,2025-04-30,VND-0008,Patberg AG,Office Supplies,2880.4,DE62489325288095701543,0,KEINE
RE-2025-00239,2025-09-01,VND-0014,Textor Wagenknecht e.V.,IT Services,266.05,DE43872343098050097882,0,KEINE
RE-2025-00240,2025-12-08,VND-0026,Barth AG,Office Supplies,1937.09,DE70379176936763201632,0,KEINE
RE-2025-00241,2025-09-11,VND-0021,Dörr,Office Supplies,4905.05,DE32607337543303654145,0,KEINE
RE-2025-00242,2025-10-30,VND-0005,Junk,Marketing,2536.34,DE52030564139537672423,0,KEINE
RE-2025-00243,2025-08-14,VND-0004,Kramer GbR,Facility Management,4377.24,DE15752553419283276483,0,KEINE
RE-2025-00244,2025-03-17,VND-0030,Kitzmann GmbH,Logistics,2311.79,DE27668893734670656272,0,KEINE
RE-2025-00245,2025-02-10,VND-0021,Dörr,Office Supplies,4851.29,DE32607337543303654145,0,KEINE
RE-2025-00246,2025-12-22,VND-0009,Hendriks KG,Facility Management,1725.88,DE36117182278248963834,0,KEINE
RE-2025-00247,2025-12-12,VND-0003,Kaul Schleich GbR,IT Services,4266.24,DE04078161849593103413,0,KEINE
RE-2025-00248,2025-11-17,VND-0013,Rogner Dippel AG,Logistics,4772.99,DE82801326773602606474,0,KEINE
RE-2025-00249,2025-10-06,VND-0025,Zimmer Sager KG,Logistics,33781.62,DE95577738721489513433,1,HOHER_BETRAG
RE-2025-00250,2025-04-28,VND-0022,Pechel,Logistics,4608.6,DE30685014294019655698,0,KEINE
RE-2025-00251,2025-11-21,VND-0014,Textor Wagenknecht e.V.,IT Services,4892.77,DE43872343098050097882,0,KEINE
RE-2025-00252,2025-12-22,VND-0004,Kramer GbR,Facility Management,2246.21,DE15752553419283276483,0,KEINE
RE-2025-00253,2025-01-29,VND-0001,Dowerg,Facility Management,277.66,DE64043321819600133890,0,KEINE
RE-2025-00254,2025-05-06,VND-0012,Löchel Langern GmbH & Co. KG,Facility Management,2181.9,DE62010651333872624731,0,KEINE
RE-2025-00255,2025-04-03,VND-0019,Margraf,IT Services,3424.91,DE39868011280598262045,0,KEINE
RE-2025-00256,2025-07-15,VND-0003,Kaul Schleich GbR,IT Services,3066.98,DE04078161849593103413,0,KEINE
RE-2025-00257,2025-10-27,VND-0008,Patberg AG,Office Supplies,2513.45,DE62489325288095701543,0,KEINE
RE-2025-00258,2025-08-25,VND-0015,Pechel AG,Logistics,3207.63,DE71219136193990916998,0,KEINE
RE-2025-00259,2025-08-27,VND-0001,Dowerg,Facility Management,4499.6,DE64043321819600133890,0,KEINE
RE-2025-00260,2025-02-07,VND-0022,Pechel,Logistics,2755.66,DE30685014294019655698,0,KEINE
RE-2025-00261,2025-06-03,VND-0012,Löchel Langern GmbH & Co. KG,Facility Management,4938.88,DE62010651333872624731,0,KEINE
RE-2025-00262,2025-08-22,VND-0014,Textor Wagenknecht e.V.,IT Services,3467.05,DE43872343098050097882,0,KEINE
RE-2025-00263,2025-09-05,VND-0007,Krause GmbH,Office Supplies,4996.9,DE30978480184514627048,0,KEINE
RE-2025-00264,2025-10-22,VND-0013,Rogner Dippel AG,Logistics,2881.02,DE82801326773602606474,0,KEINE
RE-2025-00265,2025-12-04,VND-0023,Krause KG,Logistics,1511.39,DE30340608835615951484,0,KEINE
RE-2025-00266,2025-12-18,VND-0001,Dowerg,Facility Management,2851.35,DE64043321819600133890,0,KEINE
RE-2025-00267,2025-09-12,VND-0002,Gumprich,IT Services,4557.55,DE80863794026542351161,0,KEINE
RE-2025-00268,2025-04-28,VND-0029,Heinrich GmbH,Facility Management,1466.66,DE77231665876036690967,0,KEINE
RE-2025-00269,2025-04-08,VND-0012,Löchel Langern GmbH & Co. KG,Facility Management,1134.07,DE62010651333872624731,0,KEINE
RE-2025-00270,2025-12-04,VND-0022,Pechel,Logistics,3790.11,DE30685014294019655698,0,KEINE
RE-2025-00271,2025-11-18,VND-0005,Junk,Marketing,3159.83,DE52030564139537672423,0,KEINE
RE-2025-00272,2025-01-20,VND-0010,Steckel Seip GmbH,IT Services,3953.62,DE60787133150983930103,0,KEINE
RE-2025-00273,2025-06-02,VND-0024,Lange,IT Services,700.49,DE55564823662994680443,0,KEINE
RE-2025-00274,2025-03-10,VND-0014,Textor Wagenknecht e.V.,IT Services,919.42,DE43872343098050097882,0,KEINE
RE-2025-00275,2025-09-29,VND-0029,Heinrich GmbH,Facility Management,4858.87,DE77231665876036690967,0,KEINE
RE-2025-00276,2025-05-12,VND-0009,Hendriks KG,Facility Management,4160.84,DE36117182278248963834,0,KEINE
RE-2025-00277,2025-06-02,VND-0016,Heß Haase OHG mbH,Consulting,4838.55,DE36534624751079911838,0,KEINE
RE-2025-00278,2025-08-28,VND-0011,Beckmann GmbH,Facility Management,4030.95,DE29183473829973763116,0,KEINE
RE-2025-00279,2025-04-28,VND-0005,Junk,Marketing,3783.05,DE52030564139537672423,0,KEINE
RE-2025-00280,2025-07-23,VND-0024,Lange,IT Services,3388.31,DE55564823662994680443,0,KEINE
RE-2025-00281,2025-02-17,VND-0026,Barth AG,Office Supplies,2808.7,DE70379176936763201632,0,KEINE
RE-2025-00282,2025-03-05,VND-0001,Dowerg,Facility Management,1359.07,DE64043321819600133890,0,KEINE
RE-2025-00283,2025-05-15,VND-0022,Pechel,Logistics,3757.61,DE30685014294019655698,0,KEINE
RE-2025-00284,2025-07-10,VND-0027,Pohl,Facility Management,3210.82,DE02708317278895798687,0,KEINE
RE-2025-00285,2025-11-14,VND-0008,Patberg AG,Office Supplies,2383.81,DE62489325288095701543,0,KEINE
RE-2025-00286,2025-11-10,VND-0018,Heydrich GmbH,IT Services,1673.63,DE51935348740164005242,0,KEINE
RE-2025-00287,2025-08-26,VND-0003,Kaul Schleich GbR,IT Services,3195.25,DE04078161849593103413,0,KEINE
RE-2025-00288,2025-03-03,VND-0010,Steckel Seip GmbH,IT Services,3263.74,DE60787133150983930103,0,KEINE
RE-2025-00289,2025-09-10,VND-0002,Gumprich,IT Services,1556.6,DE80863794026542351161,0,KEINE
RE-2025-00290,2025-03-11,VND-0008,Patberg AG,Office Supplies,4441.93,DE62489325288095701543,0,KEINE
RE-2025-00291,2025-12-23,VND-0012,Löchel Langern GmbH & Co. KG,Facility Management,3368.91,DE62010651333872624731,0,KEINE
RE-2025-00292,2025-03-21,VND-0014,Textor Wagenknecht e.V.,IT Services,2957.33,DE43872343098050097882,0,KEINE
RE-2025-00293,2025-09-08,VND-0021,Dörr,Office Supplies,540.16,DE32607337543303654145,0,KEINE
RE-2025-00294,2025-07-09,VND-0009,Hendriks KG,Facility Management,211.95,DE36117182278248963834,0,KEINE
RE-2025-00295,2025-07-07,VND-0015,Pechel AG,Logistics,4755.25,DE71219136193990916998,0,KEINE
RE-2025-00296,2025-11-27,VND-0022,Pechel,Logistics,1868.31,DE30685014294019655698,0,KEINE
RE-2025-00297,2025-03-04,VND-0013,Rogner Dippel AG,Logistics,1415.61,DE82801326773602606474,0,KEINE
RE-2025-00298,2025-12-08,VND-0027,Pohl,Facility Management,2300.85,DE02708317278895798687,0,KEINE
RE-2025-00299,2025-01-18,VND-0021,Dörr,Office Supplies,3005.87,DE32607337543303654145,1,WOCHENEND_BUCHUNG
RE-2025-00300,2025-04-16,VND-0005,Junk,Marketing,3945.54,DE62075273545494808313,1,IBAN_ABWEICHUNG
RE-2025-00301,2025-04-30,VND-0019,Margraf,IT Services,1118.96,DE39868011280598262045,0,KEINE
RE-2025-00302,2025-11-03,VND-0005,Junk,Marketing,3953.79,DE80678377701436349578,1,IBAN_ABWEICHUNG
RE-2025-00303,2025-03-31,VND-0005,Junk,Marketing,2724.07,DE52030564139537672423,0,KEINE
RE-2025-00304,2025-01-08,VND-0028,Weimer GmbH & Co. KGaA,Facility Management,177.61,DE67743487347143455812,0,KEINE
RE-2025-00305,2025-06-21,VND-0026,Barth AG,Office Supplies,1227.76,DE70379176936763201632,1,WOCHENEND_BUCHUNG
RE-2025-00306,2025-09-29,VND-0005,Junk,Marketing,3721.5,DE52030564139537672423,0,KEINE
RE-2025-00307,2025-07-07,VND-0003,Kaul Schleich GbR,IT Services,2407.42,DE04078161849593103413,0,KEINE
RE-2025-00308,2025-04-24,VND-0004,Kramer GbR,Facility Management,2287.43,DE15752553419283276483,0,KEINE
RE-2025-00309,2025-12-04,VND-0002,Gumprich,IT Services,3649.85,DE80863794026542351161,0,KEINE
RE-2025-00310,2025-01-16,VND-0009,Hendriks KG,Facility Management,2527.34,DE36117182278248963834,1,DOPPELTE_RECHNUNG
RE-2025-00311,2025-09-09,VND-0014,Textor Wagenknecht e.V.,IT Services,3446.18,DE43872343098050097882,0,KEINE
RE-2025-00312,2025-02-11,VND-0015,Pechel AG,Logistics,413.78,DE71219136193990916998,0,KEINE
RE-2025-00313,2025-05-21,VND-0005,Junk,Marketing,375.13,DE52030564139537672423,0,KEINE
RE-2025-00314,2025-06-16,VND-0019,Margraf,IT Services,2764.36,DE39868011280598262045,0,KEINE
RE-2025-00315,2025-08-21,VND-0020,Klemt AG & Co. OHG,Office Supplies,2676.26,DE82315869232260256342,0,KEINE
RE-2025-00316,2025-12-26,VND-0014,Textor Wagenknecht e.V.,IT Services,540.93,DE43872343098050097882,0,KEINE
RE-2025-00317,2025-10-10,VND-0021,Dörr,Office Supplies,3272.04,DE32607337543303654145,0,KEINE
RE-2025-00318,2025-04-28,VND-0007,Krause GmbH,Office Supplies,2178.85,DE30978480184514627048,0,KEINE
RE-2025-00319,2025-08-01,VND-0027,Pohl,Facility Management,2294.82,DE02708317278895798687,0,KEINE
RE-2025-00320,2025-12-08,VND-0011,Beckmann GmbH,Facility Management,2162.48,DE29183473829973763116,0,KEINE
RE-2025-00321,2025-09-01,VND-0005,Junk,Marketing,22458.41,DE52030564139537672423,1,HOHER_BETRAG
RE-2025-00322,2025-07-10,VND-0004,Kramer GbR,Facility Management,3735.72,DE15752553419283276483,0,KEINE
RE-2025-00323,2025-10-15,VND-0018,Heydrich GmbH,IT Services,346.91,DE51935348740164005242,0,KEINE
RE-2025-00324,2025-07-01,VND-0022,Pechel,Logistics,655.04,DE30685014294019655698,0,KEINE
RE-2025-00325,2025-01-27,VND-0025,Zimmer Sager KG,Logistics,2143.54,DE95577738721489513433,0,KEINE
RE-2025-00326,2025-02-24,VND-0020,Klemt AG & Co. OHG,Office Supplies,1596.62,DE82315869232260256342,0,KEINE
RE-2025-00327,2025-09-04,VND-0007,Krause GmbH,Office Supplies,815.91,DE30978480184514627048,0,KEINE
RE-2025-00328,2025-10-13,VND-0004,Kramer GbR,Facility Management,1783.06,DE15752553419283276483,0,KEINE
RE-2025-00329,2025-04-28,VND-0025,Zimmer Sager KG,Logistics,1428.91,DE95577738721489513433,0,KEINE
RE-2025-00330,2025-11-17,VND-0028,Weimer GmbH & Co. KGaA,Facility Management,2826.78,DE67743487347143455812,0,KEINE
RE-2025-00331,2025-11-10,VND-0021,Dörr,Office Supplies,2805.86,DE32607337543303654145,0,KEINE
RE-2025-00332,2025-01-15,VND-0027,Pohl,Facility Management,3482.68,DE02708317278895798687,0,KEINE
RE-2025-00333,2025-06-23,VND-0023,Krause KG,Logistics,3823.93,DE30340608835615951484,0,KEINE
RE-2025-00334,2025-10-17,VND-0006,Rörricht,Office Supplies,4355.82,DE52849696532871012269,0,KEINE
RE-2025-00335,2025-11-21,VND-0003,Kaul Schleich GbR,IT Services,752.28,DE04078161849593103413,0,KEINE
RE-2025-00336,2025-04-21,VND-0003,Kaul Schleich GbR,IT Services,3743.25,DE04078161849593103413,0,KEINE
RE-2025-00337,2025-07-09,VND-0015,Pechel AG,Logistics,1737.44,DE71219136193990916998,0,KEINE
RE-2025-00338,2025-10-20,VND-0011,Beckmann GmbH,Facility Management,3895.34,DE29183473829973763116,0,KEINE
RE-2025-00339,2025-03-24,VND-0029,Heinrich GmbH,Facility Management,310.41,DE77231665876036690967,0,KEINE
RE-2025-00340,2025-05-20,VND-0002,Gumprich,IT Services,3386.15,DE80863794026542351161,0,KEINE
RE-2025-00341,2025-08-15,VND-0014,Textor Wagenknecht e.V.,IT Services,2454.03,DE43872343098050097882,0,KEINE
RE-2025-00342,2025-02-28,VND-0007,Krause GmbH,Office Supplies,3786.97,DE30978480184514627048,0,KEINE
RE-2025-00343,2025-12-15,VND-0004,Kramer GbR,Facility Management,1452.07,DE15752553419283276483,0,KEINE
RE-2025-00344,2025-01-24,VND-0017,Eigenwillig Keudel AG,IT Services,3352.31,DE52354278498084124118,0,KEINE
RE-2025-00345,2025-04-15,VND-0020,Klemt AG & Co. OHG,Office Supplies,321.17,DE82315869232260256342,0,KEINE
RE-2025-00346,2025-05-12,VND-0007,Krause GmbH,Office Supplies,3848.38,DE30978480184514627048,0,KEINE
RE-2025-00347,2025-08-11,VND-0004,Kramer GbR,Facility Management,88.26,DE15752553419283276483,0,KEINE
RE-2025-00348,2025-04-28,VND-0013,Rogner Dippel AG,Logistics,2686.28,DE82801326773602606474,0,KEINE
RE-2025-00349,2025-07-01,VND-0027,Pohl,Facility Management,49897.57,DE02708317278895798687,1,HOHER_BETRAG
RE-2025-00350,2025-06-10,VND-0015,Pechel AG,Logistics,4609.75,DE71219136193990916998,0,KEINE
RE-2025-00351,2025-11-24,VND-0019,Margraf,IT Services,2051.89,DE39868011280598262045,0,KEINE
RE-2025-00352,2025-06-16,VND-0004,Kramer GbR,Facility Management,2054.91,DE15752553419283276483,0,KEINE
RE-2025-00353,2025-12-22,VND-0020,Klemt AG & Co. OHG,Office Supplies,2327.48,DE82315869232260256342,0,KEINE
RE-2025-00354,2025-02-24,VND-0003,Kaul Schleich GbR,IT Services,2211.72,DE04078161849593103413,0,KEINE
RE-2025-00355,2025-02-10,VND-0019,Margraf,IT Services,2032.23,DE39868011280598262045,0,KEINE
RE-2025-00356,2025-04-24,VND-0010,Steckel Seip GmbH,IT Services,3741.73,DE60787133150983930103,0,KEINE
RE-2025-00357,2025-11-21,VND-0006,Rörricht,Office Supplies,428.08,DE52849696532871012269,0,KEINE
RE-2025-00358,2025-06-30,VND-0017,Eigenwillig Keudel AG,IT Services,1009.82,DE52354278498084124118,0,KEINE
RE-2025-00359,2025-03-17,VND-0027,Pohl,Facility Management,3244.94,DE02708317278895798687,0,KEINE
RE-2025-00360,2025-03-31,VND-0005,Junk,Marketing,1317.04,DE52030564139537672423,0,KEINE
RE-2025-00361,2025-02-10,VND-0025,Zimmer Sager KG,Logistics,3807.8,DE95577738721489513433,0,KEINE
RE-2025-00362,2025-08-26,VND-0025,Zimmer Sager KG,Logistics,3158.35,DE95577738721489513433,0,KEINE
RE-2025-00363,2025-12-15,VND-0025,Zimmer Sager KG,Logistics,2918.37,DE95577738721489513433,0,KEINE
RE-2025-00364,2025-11-17,VND-0019,Margraf,IT Services,3232.81,DE39868011280598262045,0,KEINE
RE-2025-00365,2025-08-14,VND-0022,Pechel,Logistics,655.04,DE30685014294019655698,1,DOPPELTE_RECHNUNG
RE-2025-00366,2025-10-30,VND-0010,Steckel Seip GmbH,IT Services,39832.63,DE60787133150983930103,1,HOHER_BETRAG
RE-2025-00367,2025-07-08,VND-0015,Pechel AG,Logistics,236.16,DE71219136193990916998,0,KEINE
RE-2025-00368,2025-02-17,VND-0003,Kaul Schleich GbR,IT Services,3241.1,DE04078161849593103413,0,KEINE
RE-2025-00369,2025-10-27,VND-0017,Eigenwillig Keudel AG,IT Services,1953.19,DE52354278498084124118,0,KEINE
RE-2025-00370,2025-01-22,VND-0026,Barth AG,Office Supplies,3707.66,DE70379176936763201632,0,KEINE
RE-2025-00371,2025-04-07,VND-0026,Barth AG,Office Supplies,2879.7,DE70379176936763201632,0,KEINE
RE-2025-00372,2025-02-03,VND-0016,Heß Haase OHG mbH,Consulting,2531.77,DE36534624751079911838,0,KEINE
RE-2025-00373,2025-06-25,VND-0026,Barth AG,Office Supplies,4500.68,DE70379176936763201632,0,KEINE
RE-2025-00374,2025-03-31,VND-0003,Kaul Schleich GbR,IT Services,3791.12,DE04078161849593103413,1,DOPPELTE_RECHNUNG
RE-2025-00375,2025-03-24,VND-0017,Eigenwillig Keudel AG,IT Services,2637.6,DE52354278498084124118,0,KEINE
RE-2025-00376,2025-07-29,VND-0030,Kitzmann GmbH,Logistics,1450.32,DE27668893734670656272,0,KEINE
RE-2025-00377,2025-11-20,VND-0022,Pechel,Logistics,3009.54,DE30685014294019655698,0,KEINE
RE-2025-00378,2025-10-13,VND-0003,Kaul Schleich GbR,IT Services,1681.97,DE04078161849593103413,0,KEINE
RE-2025-00379,2025-12-03,VND-0010,Steckel Seip GmbH,IT Services,1297.38,DE60787133150983930103,0,KEINE
RE-2025-00380,2025-06-20,VND-0020,Klemt AG & Co. OHG,Office Supplies,4372.73,DE82315869232260256342,0,KEINE
RE-2025-00381,2025-06-30,VND-0022,Pechel,Logistics,750.07,DE30685014294019655698,0,KEINE
RE-2025-00382,2025-07-21,VND-0021,Dörr,Office Supplies,3507.48,DE32607337543303654145,0,KEINE
RE-2025-00383,2025-06-09,VND-0023,Krause KG,Logistics,4693.11,DE30340608835615951484,0,KEINE
RE-2025-00384,2025-03-07,VND-0021,Dörr,Office Supplies,3968.73,DE32607337543303654145,0,KEINE
RE-2025-00385,2025-12-17,VND-0027,Pohl,Facility Management,4738.19,DE02708317278895798687,0,KEINE
RE-2025-00386,2025-08-05,VND-0003,Kaul Schleich GbR,IT Services,3247.82,DE04078161849593103413,0,KEINE
RE-2025-00387,2025-04-03,VND-0001,Dowerg,Facility Management,1844.86,DE64043321819600133890,0,KEINE
RE-2025-00388,2025-09-08,VND-0011,Beckmann GmbH,Facility Management,4740.96,DE29183473829973763116,0,KEINE
RE-2025-00389,2025-06-02,VND-0005,Junk,Marketing,816.98,DE52030564139537672423,0,KEINE
RE-2025-00390,2025-10-06,VND-0004,Kramer GbR,Facility Management,2563.06,DE15752553419283276483,0,KEINE
RE-2025-00391,2025-12-05,VND-0029,Heinrich GmbH,Facility Management,2656.33,DE77231665876036690967,0,KEINE
RE-2025-00392,2025-11-03,VND-0025,Zimmer Sager KG,Logistics,3109.26,DE95577738721489513433,0,KEINE
RE-2025-00393,2025-12-22,VND-0006,Rörricht,Office Supplies,945.19,DE52849696532871012269,0,KEINE
RE-2025-00394,2025-08-16,VND-0026,Barth AG,Office Supplies,4518.15,DE70379176936763201632,1,WOCHENEND_BUCHUNG
RE-2025-00395,2025-08-18,VND-0015,Pechel AG,Logistics,3072.45,DE71219136193990916998,0,KEINE
RE-2025-00396,2025-08-29,VND-0008,Patberg AG,Office Supplies,1581.87,DE62489325288095701543,0,KEINE
RE-2025-00397,2025-10-20,VND-0007,Krause GmbH,Office Supplies,1870.81,DE30978480184514627048,0,KEINE
RE-2025-00398,2025-07-15,VND-0015,Pechel AG,Logistics,3858.72,DE71219136193990916998,0,KEINE
RE-2025-00399,2025-04-14,VND-0014,Textor Wagenknecht e.V.,IT Services,4833.03,DE43872343098050097882,0,KEINE
RE-2025-00400,2025-01-27,VND-0005,Junk,Marketing,4371.36,DE52030564139537672423,0,KEINE
RE-2025-00401,2025-02-24,VND-0028,Weimer GmbH & Co. KGaA,Facility Management,1887.5,DE67743487347143455812,0,KEINE
RE-2025-00402,2025-05-26,VND-0017,Eigenwillig Keudel AG,IT Services,4263.27,DE52354278498084124118,0,KEINE
RE-2025-00403,2025-09-22,VND-0006,Rörricht,Office Supplies,1400.32,DE52849696532871012269,0,KEINE
RE-2025-00404,2025-04-24,VND-0014,Textor Wagenknecht e.V.,IT Services,503.98,DE43872343098050097882,0,KEINE
RE-2025-00405,2025-01-14,VND-0029,Heinrich GmbH,Facility Management,1780.45,DE77231665876036690967,0,KEINE
RE-2025-00406,2025-05-01,VND-0013,Rogner Dippel AG,Logistics,2534.94,DE82801326773602606474,0,KEINE
RE-2025-00407,2025-01-15,VND-0003,Kaul Schleich GbR,IT Services,1905.82,DE04078161849593103413,0,KEINE
RE-2025-00408,2025-12-01,VND-0004,Kramer GbR,Facility Management,4203.92,DE15752553419283276483,0,KEINE
RE-2025-00409,2025-05-27,VND-0005,Junk,Marketing,731.12,DE52030564139537672423,0,KEINE
RE-2025-00410,2025-03-13,VND-0016,Heß Haase OHG mbH,Consulting,3495.56,DE36534624751079911838,0,KEINE
RE-2025-00411,2025-01-03,VND-0016,Heß Haase OHG mbH,Consulting,2270.58,DE36534624751079911838,0,KEINE
RE-2025-00412,2025-03-18,VND-0001,Dowerg,Facility Management,1316.82,DE64043321819600133890,0,KEINE
RE-2025-00413,2025-08-05,VND-0024,Lange,IT Services,3063.96,DE55564823662994680443,0,KEINE
RE-2025-00414,2025-03-04,VND-0004,Kramer GbR,Facility Management,1783.06,DE15752553419283276483,1,DOPPELTE_RECHNUNG
RE-2025-00415,2025-02-03,VND-0026,Barth AG,Office Supplies,3132.91,DE70379176936763201632,0,KEINE
RE-2025-00416,2025-10-02,VND-0029,Heinrich GmbH,Facility Management,2524.15,DE38856855744431351823,1,IBAN_ABWEICHUNG
RE-2025-00417,2025-08-09,VND-0023,Krause KG,Logistics,760.71,DE30340608835615951484,1,WOCHENEND_BUCHUNG
RE-2025-00418,2025-12-08,VND-0019,Margraf,IT Services,2112.01,DE39868011280598262045,0,KEINE
RE-2025-00419,2025-02-04,VND-0017,Eigenwillig Keudel AG,IT Services,4874.54,DE52354278498084124118,0,KEINE
RE-2025-00420,2025-09-17,VND-0018,Heydrich GmbH,IT Services,2561.27,DE51935348740164005242,0,KEINE
RE-2025-00421,2025-01-23,VND-0013,Rogner Dippel AG,Logistics,4372.99,DE82801326773602606474,0,KEINE
RE-2025-00422,2025-01-09,VND-0012,Löchel Langern GmbH & Co. KG,Facility Management,1305.57,DE62010651333872624731,0,KEINE
RE-2025-00423,2025-12-03,VND-0003,Kaul Schleich GbR,IT Services,1756.77,DE04078161849593103413,0,KEINE
RE-2025-00424,2025-06-20,VND-0025,Zimmer Sager KG,Logistics,2930.42,DE95577738721489513433,0,KEINE
RE-2025-00425,2025-11-26,VND-0012,Löchel Langern GmbH & Co. KG,Facility Management,2752.77,DE62010651333872624731,0,KEINE
RE-2025-00426,2025-12-23,VND-0025,Zimmer Sager KG,Logistics,3439.18,DE95577738721489513433,0,KEINE
RE-2025-00427,2025-02-03,VND-0006,Rörricht,Office Supplies,4066.91,DE52849696532871012269,0,KEINE
RE-2025-00428,2025-04-14,VND-0015,Pechel AG,Logistics,233.07,DE96374989413435240824,1,IBAN_ABWEICHUNG
RE-2025-00429,2025-06-09,VND-0029,Heinrich GmbH,Facility Management,257.43,DE77231665876036690967,0,KEINE
RE-2025-00430,2025-05-12,VND-0027,Pohl,Facility Management,2738.0,DE26008427109477752047,1,IBAN_ABWEICHUNG
RE-2025-00431,2025-01-27,VND-0010,Steckel Seip GmbH,IT Services,1817.02,DE60787133150983930103,0,KEINE
RE-2025-00432,2025-07-08,VND-0011,Beckmann GmbH,Facility Management,1402.42,DE29183473829973763116,0,KEINE
RE-2025-00433,2025-07-17,VND-0013,Rogner Dippel AG,Logistics,3729.37,DE82801326773602606474,0,KEINE
RE-2025-00434,2025-09-12,VND-0006,Rörricht,Office Supplies,2506.21,DE52849696532871012269,0,KEINE
RE-2025-00435,2025-02-12,VND-0026,Barth AG,Office Supplies,2620.42,DE70379176936763201632,0,KEINE
RE-2025-00436,2025-04-03,VND-0003,Kaul Schleich GbR,IT Services,2181.51,DE04078161849593103413,0,KEINE
RE-2025-00437,2025-06-17,VND-0011,Beckmann GmbH,Facility Management,557.86,DE29183473829973763116,0,KEINE
RE-2025-00438,2025-08-07,VND-0010,Steckel Seip GmbH,IT Services,2257.28,DE60787133150983930103,0,KEINE
RE-2025-00439,2025-01-22,VND-0015,Pechel AG,Logistics,1790.16,DE71219136193990916998,0,KEINE
RE-2025-00440,2025-08-11,VND-0030,Kitzmann GmbH,Logistics,1795.17,DE27668893734670656272,0,KEINE
RE-2025-00441,2025-02-10,VND-0026,Barth AG,Office Supplies,4742.13,DE70379176936763201632,0,KEINE
RE-2025-00442,2025-12-15,VND-0013,Rogner Dippel AG,Logistics,1848.39,DE82801326773602606474,0,KEINE
RE-2025-00443,2025-11-10,VND-0001,Dowerg,Facility Management,756.76,DE64043321819600133890,0,KEINE
RE-2025-00444,2025-02-04,VND-0015,Pechel AG,Logistics,222.25,DE71219136193990916998,0,KEINE
RE-2025-00445,2025-07-16,VND-0021,Dörr,Office Supplies,1863.33,DE32607337543303654145,0,KEINE
RE-2025-00446,2025-12-15,VND-0002,Gumprich,IT Services,3045.22,DE80863794026542351161,0,KEINE
RE-2025-00447,2025-02-10,VND-0012,Löchel Langern GmbH & Co. KG,Facility Management,1891.47,DE62010651333872624731,0,KEINE
RE-2025-00448,2025-06-10,VND-0017,Eigenwillig Keudel AG,IT Services,1866.4,DE52354278498084124118,0,KEINE
RE-2025-00449,2025-01-14,VND-0008,Patberg AG,Office Supplies,4804.57,DE62489325288095701543,0,KEINE
RE-2025-00450,2025-10-15,VND-0016,Heß Haase OHG mbH,Consulting,2612.84,DE36534624751079911838,0,KEINE
RE-2025-00451,2025-08-18,VND-0025,Zimmer Sager KG,Logistics,1338.43,DE95577738721489513433,0,KEINE
RE-2025-00452,2025-09-09,VND-0020,Klemt AG & Co. OHG,Office Supplies,1463.61,DE82315869232260256342,0,KEINE
RE-2025-00453,2025-08-20,VND-0005,Junk,Marketing,4271.49,DE52030564139537672423,0,KEINE
RE-2025-00454,2025-02-14,VND-0023,Krause KG,Logistics,2253.3,DE30340608835615951484,0,KEINE
RE-2025-00455,2025-12-08,VND-0028,Weimer GmbH & Co. KGaA,Facility Management,4933.54,DE67743487347143455812,0,KEINE
RE-2025-00456,2025-05-29,VND-0003,Kaul Schleich GbR,IT Services,2772.49,DE04078161849593103413,0,KEINE
RE-2025-00457,2025-12-30,VND-0028,Weimer GmbH & Co. KGaA,Facility Management,829.65,DE67743487347143455812,0,KEINE
RE-2025-00458,2025-07-07,VND-0021,Dörr,Office Supplies,911.75,DE32607337543303654145,0,KEINE
RE-2025-00459,2025-03-13,VND-0004,Kramer GbR,Facility Management,4926.41,DE15752553419283276483,0,KEINE
RE-2025-00460,2025-10-13,VND-0016,Heß Haase OHG mbH,Consulting,180.11,DE36534624751079911838,0,KEINE
RE-2025-00461,2025-10-10,VND-0015,Pechel AG,Logistics,4028.13,DE71219136193990916998,0,KEINE
RE-2025-00462,2025-06-09,VND-0029,Heinrich GmbH,Facility Management,476.77,DE77231665876036690967,0,KEINE
RE-2025-00463,2025-09-29,VND-0023,Krause KG,Logistics,3608.4,DE30340608835615951484,0,KEINE
RE-2025-00464,2025-02-07,VND-0014,Textor Wagenknecht e.V.,IT Services,4125.53,DE43872343098050097882,0,KEINE
RE-2025-00465,2025-08-19,VND-0011,Beckmann GmbH,Facility Management,3229.58,DE29183473829973763116,0,KEINE
RE-2025-00466,2025-10-10,VND-0017,Eigenwillig Keudel AG,IT Services,1755.35,DE52354278498084124118,0,KEINE
RE-2025-00467,2025-03-10,VND-0006,Rörricht,Office Supplies,3850.52,DE52849696532871012269,0,KEINE
RE-2025-00468,2025-03-05,VND-0030,Kitzmann GmbH,Logistics,4347.65,DE27668893734670656272,0,KEINE
RE-2025-00469,2025-06-16,VND-0010,Steckel Seip GmbH,IT Services,865.05,DE60787133150983930103,0,KEINE
RE-2025-00470,2025-09-23,VND-0008,Patberg AG,Office Supplies,1762.81,DE62489325288095701543,0,KEINE
RE-2025-00471,2025-04-11,VND-0028,Weimer GmbH & Co. KGaA,Facility Management,440.36,DE67743487347143455812,0,KEINE
RE-2025-00472,2025-11-17,VND-0018,Heydrich GmbH,IT Services,1408.53,DE51935348740164005242,0,KEINE
RE-2025-00473,2025-11-25,VND-0018,Heydrich GmbH,IT Services,512.47,DE51935348740164005242,0,KEINE
RE-2025-00474,2025-12-04,VND-0019,Margraf,IT Services,813.26,DE39868011280598262045,0,KEINE
RE-2025-00475,2025-10-16,VND-0029,Heinrich GmbH,Facility Management,21497.83,DE77231665876036690967,1,HOHER_BETRAG
RE-2025-00476,2025-05-16,VND-0021,Dörr,Office Supplies,3866.56,DE32607337543303654145,0,KEINE
RE-2025-00477,2025-11-13,VND-0025,Zimmer Sager KG,Logistics,2882.08,DE95577738721489513433,0,KEINE
RE-2025-00478,2025-10-07,VND-0016,Heß Haase OHG mbH,Consulting,4450.53,DE36534624751079911838,0,KEINE
RE-2025-00479,2025-12-17,VND-0010,Steckel Seip GmbH,IT Services,2440.58,DE60787133150983930103,0,KEINE
RE-2025-00480,2025-01-31,VND-0015,Pechel AG,Logistics,411.22,DE71219136193990916998,0,KEINE
RE-2025-00481,2025-04-15,VND-0014,Textor Wagenknecht e.V.,IT Services,2447.04,DE43872343098050097882,0,KEINE
RE-2025-00482,2025-06-13,VND-0005,Junk,Marketing,1597.28,DE52030564139537672423,0,KEINE
RE-2025-00483,2025-07-24,VND-0028,Weimer GmbH & Co. KGaA,Facility Management,1759.58,DE67743487347143455812,0,KEINE
RE-2025-00484,2025-02-24,VND-0012,Löchel Langern GmbH & Co. KG,Facility Management,2599.15,DE62010651333872624731,0,KEINE
RE-2025-00485,2025-08-19,VND-0015,Pechel AG,Logistics,656.48,DE71219136193990916998,0,KEINE
RE-2025-00486,2025-07-16,VND-0004,Kramer GbR,Facility Management,300.5,DE15752553419283276483,0,KEINE
RE-2025-00487,2025-03-24,VND-0014,Textor Wagenknecht e.V.,IT Services,1278.94,DE43872343098050097882,0,KEINE
RE-2025-00488,2025-06-10,VND-0030,Kitzmann GmbH,Logistics,2909.55,DE27668893734670656272,0,KEINE
RE-2025-00489,2025-09-22,VND-0006,Rörricht,Office Supplies,2516.41,DE52849696532871012269,0,KEINE
RE-2025-00490,2025-01-13,VND-0029,Heinrich GmbH,Facility Management,1577.28,DE77231665876036690967,0,KEINE
RE-2025-00491,2025-05-05,VND-0013,Rogner Dippel AG,Logistics,2551.95,DE82801326773602606474,0,KEINE
RE-2025-00492,2025-05-26,VND-0012,Löchel Langern GmbH & Co. KG,Facility Management,290.86,DE62010651333872624731,0,KEINE
RE-2025-00493,2025-12-11,VND-0029,Heinrich GmbH,Facility Management,4222.11,DE77231665876036690967,0,KEINE
RE-2025-00494,2025-02-25,VND-0018,Heydrich GmbH,IT Services,90.48,DE51935348740164005242,0,KEINE
RE-2025-00495,2025-07-07,VND-0029,Heinrich GmbH,Facility Management,1359.14,DE77231665876036690967,0,KEINE
RE-2025-00496,2025-01-27,VND-0012,Löchel Langern GmbH & Co. KG,Facility Management,273.95,DE62010651333872624731,0,KEINE
RE-2025-00497,2025-05-28,VND-0025,Zimmer Sager KG,Logistics,3109.26,DE95577738721489513433,1,DOPPELTE_RECHNUNG
RE-2025-00498,2025-11-17,VND-0018,Heydrich GmbH,IT Services,1434.62,DE51935348740164005242,0,KEINE
RE-2025-00499,2025-02-19,VND-0004,Kramer GbR,Facility Management,686.88,DE15752553419283276483,0,KEINE
RE-2025-00500,2025-10-13,VND-0026,Barth AG,Office Supplies,4934.6,DE70379176936763201632,0,KEINE
RE-2025-00501,2025-11-05,VND-0025,Zimmer Sager KG,Logistics,764.12,DE95577738721489513433,0,KEINE
RE-2025-00502,2025-01-20,VND-0017,Eigenwillig Keudel AG,IT Services,249.26,DE52354278498084124118,0,KEINE
RE-2025-00503,2025-09-23,VND-0011,Beckmann GmbH,Facility Management,4029.63,DE29183473829973763116,0,KEINE
RE-2025-00504,2025-03-13,VND-0020,Klemt AG & Co. OHG,Office Supplies,4471.0,DE82315869232260256342,0,KEINE
RE-2025-00505,2025-07-21,VND-0020,Klemt AG & Co. OHG,Office Supplies,1626.72,DE82315869232260256342,0,KEINE
RE-2025-00506,2025-10-31,VND-0024,Lange,IT Services,4220.88,DE55564823662994680443,0,KEINE
RE-2025-00507,2025-09-08,VND-0027,Pohl,Facility Management,2573.08,DE02708317278895798687,0,KEINE
RE-2025-00508,2025-01-09,VND-0010,Steckel Seip GmbH,IT Services,2400.72,DE60787133150983930103,0,KEINE
RE-2025-00509,2025-08-04,VND-0022,Pechel,Logistics,592.54,DE30685014294019655698,0,KEINE
RE-2025-00510,2025-12-19,VND-0026,Barth AG,Office Supplies,4498.9,DE70379176936763201632,0,KEINE
RE-2025-00511,2025-12-02,VND-0020,Klemt AG & Co. OHG,Office Supplies,2399.22,DE82315869232260256342,0,KEINE
RE-2025-00512,2025-04-28,VND-0025,Zimmer Sager KG,Logistics,2913.45,DE95577738721489513433,0,KEINE
RE-2025-00513,2025-09-26,VND-0019,Margraf,IT Services,2428.22,DE39868011280598262045,0,KEINE
RE-2025-00514,2025-07-14,VND-0020,Klemt AG & Co. OHG,Office Supplies,3884.3,DE82315869232260256342,0,KEINE
RE-2025-00515,2025-10-21,VND-0022,Pechel,Logistics,1248.87,DE30685014294019655698,0,KEINE
RE-2025-00516,2025-08-14,VND-0004,Kramer GbR,Facility Management,994.38,DE15752553419283276483,0,KEINE
RE-2025-00517,2025-04-15,VND-0005,Junk,Marketing,2094.15,DE52030564139537672423,0,KEINE
RE-2025-00518,2025-09-01,VND-0025,Zimmer Sager KG,Logistics,3076.82,DE95577738721489513433,0,KEINE
RE-2025-00519,2025-12-29,VND-0024,Lange,IT Services,3650.64,DE55564823662994680443,0,KEINE
RE-2025-00520,2025-12-08,VND-0007,Krause GmbH,Office Supplies,2826.39,DE30978480184514627048,0,KEINE
RE-2025-00521,2025-03-31,VND-0013,Rogner Dippel AG,Logistics,1603.08,DE82801326773602606474,0,KEINE
RE-2025-00522,2025-07-01,VND-0018,Heydrich GmbH,IT Services,1744.52,DE51935348740164005242,0,KEINE
RE-2025-00523,2025-11-26,VND-0028,Weimer GmbH & Co. KGaA,Facility Management,3618.58,DE67743487347143455812,0,KEINE
RE-2025-00524,2025-04-09,VND-0009,Hendriks KG,Facility Management,3069.88,DE36117182278248963834,0,KEINE
RE-2025-00525,2025-04-28,VND-0009,Hendriks KG,Facility Management,2812.53,DE36117182278248963834,0,KEINE
RE-2025-00526,2025-12-29,VND-0010,Steckel Seip GmbH,IT Services,3867.31,DE60787133150983930103,0,KEINE
RE-2025-00527,2025-09-03,VND-0023,Krause KG,Logistics,2470.57,DE30340608835615951484,0,KEINE
RE-2025-00528,2025-05-21,VND-0030,Kitzmann GmbH,Logistics,4675.7,DE27668893734670656272,0,KEINE
RE-2025-00529,2025-07-14,VND-0019,Margraf,IT Services,3399.28,DE39868011280598262045,0,KEINE
RE-2025-00530,2025-03-17,VND-0013,Rogner Dippel AG,Logistics,4100.97,DE82801326773602606474,0,KEINE
RE-2025-00531,2025-02-10,VND-0010,Steckel Seip GmbH,IT Services,4778.8,DE60787133150983930103,0,KEINE
RE-2025-00532,2025-09-03,VND-0015,Pechel AG,Logistics,3297.06,DE71219136193990916998,0,KEINE
RE-2025-00533,2025-10-15,VND-0027,Pohl,Facility Management,2715.96,DE02708317278895798687,0,KEINE
RE-2025-00534,2025-10-28,VND-0005,Junk,Marketing,590.67,DE52030564139537672423,0,KEINE
RE-2025-00535,2025-09-29,VND-0002,Gumprich,IT Services,3365.68,DE80863794026542351161,0,KEINE
RE-2025-00536,2025-07-31,VND-0008,Patberg AG,Office Supplies,309.83,DE62489325288095701543,0,KEINE
RE-2025-00537,2025-03-12,VND-0016,Heß Haase OHG mbH,Consulting,547.7,DE38116719022941318699,1,IBAN_ABWEICHUNG
RE-2025-00538,2025-09-01,VND-0014,Textor Wagenknecht e.V.,IT Services,3281.82,DE43872343098050097882,0,KEINE
RE-2025-00539,2025-05-28,VND-0007,Krause GmbH,Office Supplies,3791.76,DE30978480184514627048,0,KEINE
RE-2025-00540,2025-02-17,VND-0021,Dörr,Office Supplies,342.85,DE32607337543303654145,0,KEINE
RE-2025-00541,2025-01-20,VND-0008,Patberg AG,Office Supplies,2699.0,DE62489325288095701543,0,KEINE
RE-2025-00542,2025-04-01,VND-0006,Rörricht,Office Supplies,2118.53,DE52849696532871012269,0,KEINE
RE-2025-00543,2025-07-23,VND-0002,Gumprich,IT Services,4986.0,DE80863794026542351161,0,KEINE
RE-2025-00544,2025-05-29,VND-0006,Rörricht,Office Supplies,4686.21,DE52849696532871012269,0,KEINE
RE-2025-00545,2025-11-05,VND-0001,Dowerg,Facility Management,1527.04,DE64043321819600133890,0,KEINE
RE-2025-00546,2025-11-25,VND-0011,Beckmann GmbH,Facility Management,1458.58,DE29183473829973763116,0,KEINE
RE-2025-00547,2025-03-10,VND-0016,Heß Haase OHG mbH,Consulting,4451.84,DE36534624751079911838,0,KEINE
RE-2025-00548,2025-02-27,VND-0015,Pechel AG,Logistics,1400.54,DE71219136193990916998,0,KEINE
RE-2025-00549,2025-05-12,VND-0024,Lange,IT Services,2321.63,DE55564823662994680443,0,KEINE
RE-2025-00550,2025-06-02,VND-0001,Dowerg,Facility Management,3696.26,DE64043321819600133890,0,KEINE
RE-2025-00551,2025-11-10,VND-0025,Zimmer Sager KG,Logistics,1006.15,DE95577738721489513433,0,KEINE
RE-2025-00552,2025-08-07,VND-0029,Heinrich GmbH,Facility Management,2057.18,DE77231665876036690967,0,KEINE
RE-2025-00553,2025-02-18,VND-0003,Kaul Schleich GbR,IT Services,2034.12,DE04078161849593103413,0,KEINE
RE-2025-00554,2025-05-08,VND-0005,Junk,Marketing,2536.34,DE52030564139537672423,1,DOPPELTE_RECHNUNG
RE-2025-00555,2025-06-18,VND-0015,Pechel AG,Logistics,3781.1,DE71219136193990916998,0,KEINE
RE-2025-00556,2025-05-14,VND-0024,Lange,IT Services,2885.74,DE55564823662994680443,0,KEINE
RE-2025-00557,2025-12-08,VND-0023,Krause KG,Logistics,1219.7,DE30340608835615951484,0,KEINE
RE-2025-00558,2025-12-18,VND-0010,Steckel Seip GmbH,IT Services,840.6,DE60787133150983930103,0,KEINE
RE-2025-00559,2025-06-09,VND-0029,Heinrich GmbH,Facility Management,4444.62,DE77231665876036690967,0,KEINE
RE-2025-00560,2025-06-02,VND-0021,Dörr,Office Supplies,4584.85,DE32607337543303654145,0,KEINE
RE-2025-00561,2025-03-10,VND-0008,Patberg AG,Office Supplies,1134.69,DE62489325288095701543,0,KEINE
RE-2025-00562,2025-11-07,VND-0015,Pechel AG,Logistics,3751.29,DE71219136193990916998,0,KEINE
RE-2025-00563,2025-09-01,VND-0023,Krause KG,Logistics,2768.71,DE30340608835615951484,0,KEINE
RE-2025-00564,2025-04-22,VND-0026,Barth AG,Office Supplies,3337.27,DE70379176936763201632,0,KEINE
RE-2025-00565,2025-02-11,VND-0022,Pechel,Logistics,3785.96,DE30685014294019655698,0,KEINE
RE-2025-00566,2025-02-10,VND-0017,Eigenwillig Keudel AG,IT Services,3533.64,DE52354278498084124118,0,KEINE
RE-2025-00567,2025-10-08,VND-0004,Kramer GbR,Facility Management,355.7,DE15752553419283276483,0,KEINE
RE-2025-00568,2025-03-18,VND-0007,Krause GmbH,Office Supplies,2884.87,DE30978480184514627048,0,KEINE
RE-2025-00569,2025-03-03,VND-0028,Weimer GmbH & Co. KGaA,Facility Management,2625.69,DE67743487347143455812,0,KEINE
RE-2025-00570,2025-02-17,VND-0023,Krause KG,Logistics,2936.58,DE30340608835615951484,0,KEINE
RE-2025-00571,2025-08-21,VND-0015,Pechel AG,Logistics,4053.03,DE71219136193990916998,0,KEINE
RE-2025-00572,2025-01-30,VND-0014,Textor Wagenknecht e.V.,IT Services,2311.15,DE43872343098050097882,0,KEINE
RE-2025-00573,2025-01-13,VND-0022,Pechel,Logistics,4044.23,DE30685014294019655698,0,KEINE
RE-2025-00574,2025-04-22,VND-0027,Pohl,Facility Management,64.93,DE02708317278895798687,0,KEINE
RE-2025-00575,2025-12-25,VND-0002,Gumprich,IT Services,89766.62,DE80863794026542351161,1,HOHER_BETRAG
RE-2025-00576,2025-09-01,VND-0005,Junk,Marketing,3207.45,DE52030564139537672423,1,DOPPELTE_RECHNUNG
RE-2025-00577,2025-11-25,VND-0025,Zimmer Sager KG,Logistics,720.37,DE95577738721489513433,0,KEINE
RE-2025-00578,2025-07-11,VND-0021,Dörr,Office Supplies,4820.72,DE32607337543303654145,0,KEINE
RE-2025-00579,2025-07-14,VND-0013,Rogner Dippel AG,Logistics,2270.26,DE82801326773602606474,0,KEINE
RE-2025-00580,2025-10-06,VND-0022,Pechel,Logistics,4822.51,DE30685014294019655698,0,KEINE
RE-2025-00581,2025-04-02,VND-0028,Weimer GmbH & Co. KGaA,Facility Management,1771.46,DE67743487347143455812,0,KEINE
RE-2025-00582,2025-04-25,VND-0013,Rogner Dippel AG,Logistics,2667.77,DE82801326773602606474,0,KEINE
RE-2025-00583,2025-06-02,VND-0025,Zimmer Sager KG,Logistics,162.54,DE95577738721489513433,0,KEINE
RE-2025-00584,2025-09-30,VND-0024,Lange,IT Services,2745.0,DE55564823662994680443,0,KEINE
RE-2025-00585,2025-06-27,VND-0008,Patberg AG,Office Supplies,1275.18,DE62489325288095701543,0,KEINE
RE-2025-00586,2025-02-27,VND-0002,Gumprich,IT Services,4034.98,DE80863794026542351161,1,DOPPELTE_RECHNUNG
RE-2025-00587,2025-02-21,VND-0008,Patberg AG,Office Supplies,1070.1,DE62489325288095701543,0,KEINE
RE-2025-00588,2025-12-29,VND-0015,Pechel AG,Logistics,3009.04,DE71219136193990916998,0,KEINE
RE-2025-00589,2025-07-25,VND-0008,Patberg AG,Office Supplies,3715.68,DE62489325288095701543,0,KEINE
RE-2025-00590,2025-01-29,VND-0018,Heydrich GmbH,IT Services,1125.48,DE51935348740164005242,0,KEINE
RE-2025-00591,2025-10-22,VND-0010,Steckel Seip GmbH,IT Services,1209.1,DE60787133150983930103,0,KEINE
RE-2025-00592,2025-06-16,VND-0020,Klemt AG & Co. OHG,Office Supplies,3874.06,DE82315869232260256342,0,KEINE
RE-2025-00593,2025-12-05,VND-0029,Heinrich GmbH,Facility Management,759.14,DE77231665876036690967,0,KEINE
RE-2025-00594,2025-02-03,VND-0014,Textor Wagenknecht e.V.,IT Services,1537.48,DE43872343098050097882,0,KEINE
RE-2025-00595,2025-03-31,VND-0019,Margraf,IT Services,4404.58,DE39868011280598262045,0,KEINE
RE-2025-00596,2025-01-27,VND-0014,Textor Wagenknecht e.V.,IT Services,2801.46,DE43872343098050097882,0,KEINE
RE-2025-00597,2025-09-26,VND-0021,Dörr,Office Supplies,3373.15,DE32607337543303654145,0,KEINE
RE-2025-00598,2025-06-03,VND-0014,Textor Wagenknecht e.V.,IT Services,2070.88,DE43872343098050097882,0,KEINE
RE-2025-00599,2025-05-05,VND-0025,Zimmer Sager KG,Logistics,2712.74,DE95577738721489513433,0,KEINE
RE-2025-00600,2025-03-17,VND-0010,Steckel Seip GmbH,IT Services,4294.83,DE60787133150983930103,0,KEINE
RE-2025-00601,2025-07-31,VND-0030,Kitzmann GmbH,Logistics,335.24,DE27668893734670656272,0,KEINE
RE-2025-00602,2025-07-18,VND-0018,Heydrich GmbH,IT Services,2673.46,DE51935348740164005242,0,KEINE
RE-2025-00603,2025-02-10,VND-0007,Krause GmbH,Office Supplies,1684.8,DE30978480184514627048,0,KEINE
RE-2025-00604,2025-10-02,VND-0028,Weimer GmbH & Co. KGaA,Facility Management,1886.83,DE67743487347143455812,0,KEINE
RE-2025-00605,2025-07-14,VND-0007,Krause GmbH,Office Supplies,305.11,DE30978480184514627048,0,KEINE
RE-2025-00606,2025-02-07,VND-0020,Klemt AG & Co. OHG,Office Supplies,245.76,DE82315869232260256342,0,KEINE
RE-2025-00607,2025-12-10,VND-0025,Zimmer Sager KG,Logistics,2958.54,DE95577738721489513433,0,KEINE
RE-2025-00608,2025-06-20,VND-0016,Heß Haase OHG mbH,Consulting,1084.0,DE36534624751079911838,0,KEINE
RE-2025-00609,2025-04-08,VND-0030,Kitzmann GmbH,Logistics,125.9,DE27668893734670656272,0,KEINE
RE-2025-00610,2025-09-03,VND-0004,Kramer GbR,Facility Management,3747.05,DE15752553419283276483,0,KEINE
RE-2025-00611,2025-04-15,VND-0023,Krause KG,Logistics,3041.79,DE30340608835615951484,0,KEINE
RE-2025-00612,2025-05-26,VND-0008,Patberg AG,Office Supplies,2782.79,DE62489325288095701543,0,KEINE
RE-2025-00613,2025-06-09,VND-0018,Heydrich GmbH,IT Services,3261.17,DE51935348740164005242,0,KEINE
RE-2025-00614,2025-08-27,VND-0017,Eigenwillig Keudel AG,IT Services,4419.92,DE52354278498084124118,0,KEINE
RE-2025-00615,2025-06-13,VND-0024,Lange,IT Services,2373.98,DE55564823662994680443,0,KEINE
RE-2025-00616,2025-01-24,VND-0012,Löchel Langern GmbH & Co. KG,Facility Management,1598.96,DE62010651333872624731,0,KEINE
RE-2025-00617,2025-01-09,VND-0008,Patberg AG,Office Supplies,3719.2,DE62489325288095701543,0,KEINE
RE-2025-00618,2025-08-04,VND-0030,Kitzmann GmbH,Logistics,2940.96,DE27668893734670656272,0,KEINE
RE-2025-00619,2025-07-14,VND-0007,Krause GmbH,Office Supplies,1682.83,DE30978480184514627048,0,KEINE
RE-2025-00620,2025-12-02,VND-0008,Patberg AG,Office Supplies,2521.54,DE62489325288095701543,0,KEINE
RE-2025-00621,2025-09-08,VND-0011,Beckmann GmbH,Facility Management,1323.77,DE29183473829973763116,0,KEINE
RE-2025-00622,2025-08-25,VND-0021,Dörr,Office Supplies,3710.99,DE32607337543303654145,0,KEINE
RE-2025-00623,2025-03-13,VND-0026,Barth AG,Office Supplies,1793.27,DE70379176936763201632,0,KEINE
RE-2025-00624,2025-10-06,VND-0016,Heß Haase OHG mbH,Consulting,961.04,DE36534624751079911838,0,KEINE
RE-2025-00625,2025-02-10,VND-0002,Gumprich,IT Services,2643.52,DE80863794026542351161,0,KEINE
RE-2025-00626,2025-01-06,VND-0022,Pechel,Logistics,290.15,DE30685014294019655698,0,KEINE
RE-2025-00627,2025-02-04,VND-0027,Pohl,Facility Management,3171.97,DE02708317278895798687,0,KEINE
RE-2025-00628,2025-08-22,VND-0001,Dowerg,Facility Management,1132.66,DE64043321819600133890,0,KEINE
RE-2025-00629,2025-11-12,VND-0020,Klemt AG & Co. OHG,Office Supplies,3206.76,DE82315869232260256342,0,KEINE
RE-2025-00630,2025-01-06,VND-0022,Pechel,Logistics,2464.88,DE30685014294019655698,0,KEINE
RE-2025-00631,2025-09-29,VND-0014,Textor Wagenknecht e.V.,IT Services,108.66,DE43872343098050097882,0,KEINE
RE-2025-00632,2025-01-09,VND-0018,Heydrich GmbH,IT Services,4888.52,DE51935348740164005242,0,KEINE
RE-2025-00633,2025-04-02,VND-0023,Krause KG,Logistics,3386.46,DE30340608835615951484,0,KEINE
RE-2025-00634,2025-05-05,VND-0004,Kramer GbR,Facility Management,2645.71,DE15752553419283276483,0,KEINE
RE-2025-00635,2025-07-01,VND-0017,Eigenwillig Keudel AG,IT Services,1299.47,DE52354278498084124118,0,KEINE
RE-2025-00636,2025-07-28,VND-0013,Rogner Dippel AG,Logistics,441.15,DE82801326773602606474,0,KEINE
RE-2025-00637,2025-04-28,VND-0008,Patberg AG,Office Supplies,4951.65,DE62489325288095701543,0,KEINE
RE-2025-00638,2025-12-01,VND-0027,Pohl,Facility Management,4246.94,DE02708317278895798687,0,KEINE
RE-2025-00639,2025-02-17,VND-0021,Dörr,Office Supplies,3809.95,DE32607337543303654145,0,KEINE
RE-2025-00640,2025-01-29,VND-0013,Rogner Dippel AG,Logistics,2785.87,DE82801326773602606474,0,KEINE
RE-2025-00641,2025-09-15,VND-0023,Krause KG,Logistics,898.35,DE30340608835615951484,0,KEINE
RE-2025-00642,2025-10-17,VND-0021,Dörr,Office Supplies,3932.66,DE32607337543303654145,0,KEINE
RE-2025-00643,2025-01-22,VND-0004,Kramer GbR,Facility Management,4479.22,DE15752553419283276483,0,KEINE
RE-2025-00644,2025-10-20,VND-0029,Heinrich GmbH,Facility Management,4347.18,DE77231665876036690967,0,KEINE
RE-2025-00645,2025-12-17,VND-0002,Gumprich,IT Services,4624.59,DE80863794026542351161,0,KEINE
RE-2025-00646,2025-12-06,VND-0029,Heinrich GmbH,Facility Management,2738.0,DE77231665876036690967,1,WOCHENEND_BUCHUNG
RE-2025-00647,2025-12-31,VND-0007,Krause GmbH,Office Supplies,2955.83,DE30978480184514627048,0,KEINE
RE-2025-00648,2025-03-25,VND-0030,Kitzmann GmbH,Logistics,430.84,DE27668893734670656272,0,KEINE
RE-2025-00649,2025-07-21,VND-0019,Margraf,IT Services,4181.52,DE39868011280598262045,0,KEINE
RE-2025-00650,2025-03-13,VND-0018,Heydrich GmbH,IT Services,1692.06,DE51935348740164005242,0,KEINE
RE-2025-00651,2025-09-15,VND-0023,Krause KG,Logistics,3634.61,DE30340608835615951484,0,KEINE
RE-2025-00652,2025-08-12,VND-0012,Löchel Langern GmbH & Co. KG,Facility Management,315.8,DE62010651333872624731,0,KEINE
RE-2025-00653,2025-11-11,VND-0003,Kaul Schleich GbR,IT Services,1735.93,DE04078161849593103413,0,KEINE
RE-2025-00654,2025-06-22,VND-0013,Rogner Dippel AG,Logistics,4846.16,DE82801326773602606474,1,WOCHENEND_BUCHUNG
RE-2025-00655,2025-10-13,VND-0016,Heß Haase OHG mbH,Consulting,1179.29,DE36534624751079911838,0,KEINE
RE-2025-00656,2025-10-27,VND-0014,Textor Wagenknecht e.V.,IT Services,969.4,DE43872343098050097882,0,KEINE
RE-2025-00657,2025-06-02,VND-0003,Kaul Schleich GbR,IT Services,3872.23,DE04078161849593103413,0,KEINE
RE-2025-00658,2025-05-19,VND-0023,Krause KG,Logistics,413.86,DE30340608835615951484,0,KEINE
RE-2025-00659,2025-03-20,VND-0023,Krause KG,Logistics,3930.26,DE30340608835615951484,0,KEINE
RE-2025-00660,2025-02-23,VND-0011,Beckmann GmbH,Facility Management,1835.47,DE29183473829973763116,1,WOCHENEND_BUCHUNG
RE-2025-00661,2025-02-24,VND-0012,Löchel Langern GmbH & Co. KG,Facility Management,3818.67,DE62010651333872624731,0,KEINE
RE-2025-00662,2025-10-13,VND-0006,Rörricht,Office Supplies,2183.35,DE52849696532871012269,0,KEINE
RE-2025-00663,2025-02-17,VND-0014,Textor Wagenknecht e.V.,IT Services,561.3,DE43872343098050097882,0,KEINE
RE-2025-00664,2025-06-16,VND-0003,Kaul Schleich GbR,IT Services,3004.78,DE04078161849593103413,0,KEINE
RE-2025-00665,2025-07-18,VND-0001,Dowerg,Facility Management,1494.64,DE64043321819600133890,0,KEINE
RE-2025-00666,2025-05-05,VND-0024,Lange,IT Services,4510.62,DE55564823662994680443,0,KEINE
RE-2025-00667,2025-03-28,VND-0006,Rörricht,Office Supplies,3442.31,DE52849696532871012269,0,KEINE
RE-2025-00668,2025-03-17,VND-0022,Pechel,Logistics,3757.61,DE30685014294019655698,1,DOPPELTE_RECHNUNG
RE-2025-00669,2025-02-10,VND-0014,Textor Wagenknecht e.V.,IT Services,1533.77,DE43872343098050097882,0,KEINE
RE-2025-00670,2025-09-11,VND-0008,Patberg AG,Office Supplies,3618.45,DE62489325288095701543,0,KEINE
RE-2025-00671,2025-03-11,VND-0007,Krause GmbH,Office Supplies,2316.42,DE30978480184514627048,0,KEINE
RE-2025-00672,2025-11-14,VND-0013,Rogner Dippel AG,Logistics,1694.48,DE82801326773602606474,0,KEINE
RE-2025-00673,2025-06-23,VND-0028,Weimer GmbH & Co. KGaA,Facility Management,1681.23,DE67743487347143455812,0,KEINE
RE-2025-00674,2025-11-03,VND-0027,Pohl,Facility Management,4304.57,DE02708317278895798687,0,KEINE
RE-2025-00675,2025-12-22,VND-0011,Beckmann GmbH,Facility Management,3035.9,DE29183473829973763116,0,KEINE
RE-2025-00676,2025-07-23,VND-0011,Beckmann GmbH,Facility Management,929.3,DE29183473829973763116,0,KEINE
RE-2025-00677,2025-11-21,VND-0010,Steckel Seip GmbH,IT Services,3687.63,DE60787133150983930103,0,KEINE
RE-2025-00678,2025-06-16,VND-0019,Margraf,IT Services,3920.77,DE39868011280598262045,0,KEINE
RE-2025-00679,2025-07-07,VND-0027,Pohl,Facility Management,3940.04,DE02708317278895798687,0,KEINE
RE-2025-00680,2025-10-07,VND-0019,Margraf,IT Services,1039.01,DE39868011280598262045,0,KEINE
RE-2025-00681,2025-08-25,VND-0025,Zimmer Sager KG,Logistics,2772.99,DE95577738721489513433,0,KEINE
RE-2025-00682,2025-05-30,VND-0007,Krause GmbH,Office Supplies,2220.35,DE30978480184514627048,0,KEINE
RE-2025-00683,2025-07-29,VND-0003,Kaul Schleich GbR,IT Services,4103.88,DE04078161849593103413,0,KEINE
RE-2025-00684,2025-05-05,VND-0005,Junk,Marketing,3185.01,DE52030564139537672423,0,KEINE
RE-2025-00685,2025-07-14,VND-0021,Dörr,Office Supplies,3373.15,DE32607337543303654145,1,DOPPELTE_RECHNUNG
RE-2025-00686,2025-12-22,VND-0013,Rogner Dippel AG,Logistics,2695.12,DE82801326773602606474,0,KEINE
RE-2025-00687,2025-07-04,VND-0002,Gumprich,IT Services,3964.07,DE80863794026542351161,0,KEINE
RE-2025-00688,2025-11-24,VND-0026,Barth AG,Office Supplies,2707.68,DE70379176936763201632,0,KEINE
RE-2025-00689,2025-12-03,VND-0004,Kramer GbR,Facility Management,3856.32,DE15752553419283276483,0,KEINE
RE-2025-00690,2025-01-23,VND-0006,Rörricht,Office Supplies,3252.65,DE52849696532871012269,0,KEINE
RE-2025-00691,2025-07-24,VND-0021,Dörr,Office Supplies,3403.49,DE32607337543303654145,0,KEINE
RE-2025-00692,2025-08-11,VND-0011,Beckmann GmbH,Facility Management,4830.3,DE29183473829973763116,0,KEINE
RE-2025-00693,2025-09-19,VND-0004,Kramer GbR,Facility Management,1330.75,DE15752553419283276483,0,KEINE
RE-2025-00694,2025-10-22,VND-0018,Heydrich GmbH,IT Services,2923.57,DE51935348740164005242,0,KEINE
RE-2025-00695,2025-12-15,VND-0012,Löchel Langern GmbH & Co. KG,Facility Management,1986.11,DE62010651333872624731,0,KEINE
RE-2025-00696,2025-01-13,VND-0017,Eigenwillig Keudel AG,IT Services,796.19,DE52354278498084124118,0,KEINE
RE-2025-00697,2025-02-13,VND-0010,Steckel Seip GmbH,IT Services,2109.08,DE60787133150983930103,0,KEINE
RE-2025-00698,2025-06-09,VND-0024,Lange,IT Services,751.29,DE55564823662994680443,0,KEINE
RE-2025-00699,2025-09-05,VND-0026,Barth AG,Office Supplies,1073.99,DE70379176936763201632,0,KEINE
RE-2025-00700,2025-12-23,VND-0004,Kramer GbR,Facility Management,2218.92,DE15752553419283276483,0,KEINE
RE-2025-00701,2025-12-30,VND-0003,Kaul Schleich GbR,IT Services,1536.31,DE04078161849593103413,0,KEINE
RE-2025-00702,2025-02-25,VND-0028,Weimer GmbH & Co. KGaA,Facility Management,1748.24,DE67743487347143455812,0,KEINE
RE-2025-00703,2025-05-05,VND-0006,Rörricht,Office Supplies,4653.12,DE52849696532871012269,0,KEINE
RE-2025-00704,2025-10-14,VND-0018,Heydrich GmbH,IT Services,842.67,DE51935348740164005242,0,KEINE
RE-2025-00705,2025-07-28,VND-0015,Pechel AG,Logistics,1197.68,DE71219136193990916998,0,KEINE
RE-2025-00706,2025-08-11,VND-0006,Rörricht,Office Supplies,3220.37,DE52849696532871012269,0,KEINE
RE-2025-00707,2025-04-14,VND-0024,Lange,IT Services,3089.83,DE55564823662994680443,0,KEINE
RE-2025-00708,2025-12-29,VND-0014,Textor Wagenknecht e.V.,IT Services,1974.74,DE43872343098050097882,0,KEINE
RE-2025-00709,2025-02-03,VND-0009,Hendriks KG,Facility Management,3774.01,DE36117182278248963834,0,KEINE
RE-2025-00710,2025-04-07,VND-0026,Barth AG,Office Supplies,4366.3,DE70379176936763201632,0,KEINE
RE-2025-00711,2025-05-15,VND-0007,Krause GmbH,Office Supplies,2314.87,DE30978480184514627048,0,KEINE
RE-2025-00712,2025-11-24,VND-0016,Heß Haase OHG mbH,Consulting,2662.19,DE36534624751079911838,0,KEINE
RE-2025-00713,2025-10-28,VND-0013,Rogner Dippel AG,Logistics,3075.98,DE82801326773602606474,0,KEINE
RE-2025-00714,2025-11-13,VND-0012,Löchel Langern GmbH & Co. KG,Facility Management,4235.31,DE62010651333872624731,0,KEINE
RE-2025-00715,2025-06-02,VND-0022,Pechel,Logistics,3544.64,DE30685014294019655698,0,KEINE
RE-2025-00716,2025-03-10,VND-0019,Margraf,IT Services,469.52,DE39868011280598262045,0,KEINE
RE-2025-00717,2025-04-04,VND-0008,Patberg AG,Office Supplies,1561.63,DE62489325288095701543,0,KEINE
RE-2025-00718,2025-08-04,VND-0005,Junk,Marketing,2578.58,DE52030564139537672423,0,KEINE
RE-2025-00719,2025-04-07,VND-0019,Margraf,IT Services,1949.36,DE39868011280598262045,0,KEINE
RE-2025-00720,2025-11-27,VND-0018,Heydrich GmbH,IT Services,3482.49,DE51935348740164005242,0,KEINE
RE-2025-00721,2025-09-08,VND-0006,Rörricht,Office Supplies,2796.82,DE52849696532871012269,0,KEINE
RE-2025-00722,2025-08-19,VND-0006,Rörricht,Office Supplies,1607.17,DE52849696532871012269,0,KEINE
RE-2025-00723,2025-01-06,VND-0028,Weimer GmbH & Co. KGaA,Facility Management,1827.24,DE67743487347143455812,0,KEINE
RE-2025-00724,2025-10-15,VND-0007,Krause GmbH,Office Supplies,4085.32,DE30978480184514627048,0,KEINE
RE-2025-00725,2025-09-09,VND-0016,Heß Haase OHG mbH,Consulting,2075.22,DE36534624751079911838,0,KEINE
RE-2025-00726,2025-03-27,VND-0027,Pohl,Facility Management,2247.07,DE02708317278895798687,0,KEINE
RE-2025-00727,2025-04-23,VND-0001,Dowerg,Facility Management,3989.61,DE64043321819600133890,0,KEINE
RE-2025-00728,2025-05-28,VND-0009,Hendriks KG,Facility Management,1162.97,DE36117182278248963834,0,KEINE
RE-2025-00729,2025-09-11,VND-0015,Pechel AG,Logistics,2849.97,DE71219136193990916998,0,KEINE
RE-2025-00730,2025-05-19,VND-0004,Kramer GbR,Facility Management,2884.93,DE15752553419283276483,0,KEINE
RE-2025-00731,2025-10-06,VND-0027,Pohl,Facility Management,4954.92,DE02708317278895798687,0,KEINE
RE-2025-00732,2025-08-14,VND-0002,Gumprich,IT Services,3812.02,DE80863794026542351161,0,KEINE
RE-2025-00733,2025-12-01,VND-0014,Textor Wagenknecht e.V.,IT Services,556.96,DE43872343098050097882,0,KEINE
RE-2025-00734,2025-01-17,VND-0010,Steckel Seip GmbH,IT Services,4380.31,DE60787133150983930103,0,KEINE
RE-2025-00735,2025-02-14,VND-0012,Löchel Langern GmbH & Co. KG,Facility Management,4317.89,DE62010651333872624731,0,KEINE
RE-2025-00736,2025-05-02,VND-0004,Kramer GbR,Facility Management,3889.38,DE15752553419283276483,0,KEINE
RE-2025-00737,2025-06-30,VND-0024,Lange,IT Services,2960.22,DE55564823662994680443,0,KEINE
RE-2025-00738,2025-03-26,VND-0020,Klemt AG & Co. OHG,Office Supplies,3182.21,DE82315869232260256342,0,KEINE
RE-2025-00739,2025-04-16,VND-0026,Barth AG,Office Supplies,1072.77,DE70379176936763201632,0,KEINE
RE-2025-00740,2025-05-26,VND-0019,Margraf,IT Services,1786.54,DE39868011280598262045,0,KEINE
RE-2025-00741,2025-12-29,VND-0006,Rörricht,Office Supplies,1652.09,DE52849696532871012269,0,KEINE
RE-2025-00742,2025-09-22,VND-0019,Margraf,IT Services,1373.35,DE39868011280598262045,0,KEINE
RE-2025-00743,2025-03-11,VND-0022,Pechel,Logistics,4085.15,DE30685014294019655698,0,KEINE
RE-2025-00744,2025-01-31,VND-0026,Barth AG,Office Supplies,2087.4,DE70379176936763201632,0,KEINE
RE-2025-00745,2025-12-26,VND-0028,Weimer GmbH & Co. KGaA,Facility Management,3296.69,DE67743487347143455812,0,KEINE
RE-2025-00746,2025-06-16,VND-0008,Patberg AG,Office Supplies,773.91,DE62489325288095701543,0,KEINE
RE-2025-00747,2025-07-21,VND-0025,Zimmer Sager KG,Logistics,4225.6,DE95577738721489513433,0,KEINE
RE-2025-00748,2025-11-18,VND-0019,Margraf,IT Services,3180.39,DE39868011280598262045,0,KEINE
RE-2025-00749,2025-02-17,VND-0015,Pechel AG,Logistics,423.81,DE71219136193990916998,0,KEINE
RE-2025-00750,2025-07-08,VND-0024,Lange,IT Services,1427.22,DE55564823662994680443,0,KEINE
RE-2025-00751,2025-01-02,VND-0016,Heß Haase OHG mbH,Consulting,1670.08,DE36534624751079911838,0,KEINE
RE-2025-00752,2025-08-25,VND-0028,Weimer GmbH & Co. KGaA,Facility Management,3676.98,DE67743487347143455812,0,KEINE
RE-2025-00753,2025-02-03,VND-0023,Krause KG,Logistics,1823.2,DE30340608835615951484,0,KEINE
RE-2025-00754,2025-08-08,VND-0013,Rogner Dippel AG,Logistics,1128.26,DE82801326773602606474,0,KEINE
RE-2025-00755,2025-05-26,VND-0016,Heß Haase OHG mbH,Consulting,1379.26,DE36534624751079911838,0,KEINE
RE-2025-00756,2025-09-08,VND-0019,Margraf,IT Services,696.44,DE39868011280598262045,0,KEINE
RE-2025-00757,2025-01-27,VND-0002,Gumprich,IT Services,4034.98,DE80863794026542351161,1,DOPPELTE_RECHNUNG
RE-2025-00758,2025-03-24,VND-0004,Kramer GbR,Facility Management,4650.69,DE15752553419283276483,0,KEINE
RE-2025-00759,2025-08-08,VND-0001,Dowerg,Facility Management,4959.6,DE64043321819600133890,0,KEINE
RE-2025-00760,2025-12-01,VND-0023,Krause KG,Logistics,4551.57,DE30340608835615951484,0,KEINE
RE-2025-00761,2025-05-21,VND-0028,Weimer GmbH & Co. KGaA,Facility Management,4666.99,DE67743487347143455812,0,KEINE
RE-2025-00762,2025-07-10,VND-0012,Löchel Langern GmbH & Co. KG,Facility Management,1289.43,DE62010651333872624731,0,KEINE
RE-2025-00763,2025-07-22,VND-0021,Dörr,Office Supplies,869.35,DE32607337543303654145,0,KEINE
RE-2025-00764,2025-04-30,VND-0024,Lange,IT Services,3512.23,DE55564823662994680443,0,KEINE
RE-2025-00765,2025-01-01,VND-0003,Kaul Schleich GbR,IT Services,3533.31,DE04078161849593103413,0,KEINE
RE-2025-00766,2025-04-28,VND-0003,Kaul Schleich GbR,IT Services,706.86,DE04078161849593103413,0,KEINE
RE-2025-00767,2025-12-23,VND-0015,Pechel AG,Logistics,95.97,DE71219136193990916998,0,KEINE
RE-2025-00768,2025-08-05,VND-0004,Kramer GbR,Facility Management,4941.37,DE15752553419283276483,0,KEINE
RE-2025-00769,2025-07-16,VND-0016,Heß Haase OHG mbH,Consulting,400.6,DE36534624751079911838,0,KEINE
RE-2025-00770,2025-06-10,VND-0026,Barth AG,Office Supplies,557.01,DE70379176936763201632,0,KEINE
RE-2025-00771,2025-03-10,VND-0010,Steckel Seip GmbH,IT Services,728.79,DE60787133150983930103,0,KEINE
RE-2025-00772,2025-09-29,VND-0022,Pechel,Logistics,757.12,DE30685014294019655698,0,KEINE
RE-2025-00773,2025-08-14,VND-0020,Klemt AG & Co. OHG,Office Supplies,3267.6,DE82315869232260256342,0,KEINE
RE-2025-00774,2025-03-19,VND-0007,Krause GmbH,Office Supplies,3159.0,DE30978480184514627048,0,KEINE
RE-2025-00775,2025-04-22,VND-0020,Klemt AG & Co. OHG,Office Supplies,3448.5,DE82315869232260256342,0,KEINE
RE-2025-00776,2025-03-05,VND-0004,Kramer GbR,Facility Management,743.07,DE15752553419283276483,0,KEINE
RE-2025-00777,2025-08-08,VND-0013,Rogner Dippel AG,Logistics,1790.1,DE82801326773602606474,0,KEINE
RE-2025-00778,2025-11-27,VND-0005,Junk,Marketing,1276.54,DE52030564139537672423,0,KEINE
RE-2025-00779,2025-11-10,VND-0018,Heydrich GmbH,IT Services,3024.95,DE51935348740164005242,0,KEINE
RE-2025-00780,2025-12-04,VND-0023,Krause KG,Logistics,182.78,DE30340608835615951484,0,KEINE
RE-2025-00781,2025-09-18,VND-0007,Krause GmbH,Office Supplies,2612.86,DE30978480184514627048,0,KEINE
RE-2025-00782,2025-01-28,VND-0013,Rogner Dippel AG,Logistics,1512.93,DE82801326773602606474,0,KEINE
RE-2025-00783,2025-09-11,VND-0026,Barth AG,Office Supplies,4775.62,DE70379176936763201632,0,KEINE
RE-2025-00784,2025-11-03,VND-0008,Patberg AG,Office Supplies,93950.6,DE62489325288095701543,1,HOHER_BETRAG
RE-2025-00785,2025-07-18,VND-0030,Kitzmann GmbH,Logistics,1616.54,DE27668893734670656272,0,KEINE
RE-2025-00786,2025-10-07,VND-0019,Margraf,IT Services,2133.27,DE39868011280598262045,0,KEINE
RE-2025-00787,2025-02-07,VND-0025,Zimmer Sager KG,Logistics,16103.47,DE95577738721489513433,1,HOHER_BETRAG
RE-2025-00788,2025-01-31,VND-0007,Krause GmbH,Office Supplies,247.14,DE30978480184514627048,0,KEINE
RE-2025-00789,2025-11-18,VND-0013,Rogner Dippel AG,Logistics,2557.72,DE82801326773602606474,0,KEINE
RE-2025-00790,2025-12-26,VND-0025,Zimmer Sager KG,Logistics,2106.39,DE95577738721489513433,0,KEINE
RE-2025-00791,2025-11-12,VND-0021,Dörr,Office Supplies,2706.0,DE32607337543303654145,0,KEINE
RE-2025-00792,2025-09-19,VND-0003,Kaul Schleich GbR,IT Services,1584.04,DE04078161849593103413,0,KEINE
RE-2025-00793,2025-06-17,VND-0026,Barth AG,Office Supplies,819.12,DE70379176936763201632,0,KEINE
RE-2025-00794,2025-12-01,VND-0021,Dörr,Office Supplies,3827.96,DE32607337543303654145,0,KEINE
RE-2025-00795,2025-08-12,VND-0003,Kaul Schleich GbR,IT Services,1585.34,DE04078161849593103413,0,KEINE
RE-2025-00796,2025-05-06,VND-0028,Weimer GmbH & Co. KGaA,Facility Management,1231.26,DE67743487347143455812,0,KEINE
RE-2025-00797,2025-11-10,VND-0014,Textor Wagenknecht e.V.,IT Services,624.13,DE43872343098050097882,0,KEINE
RE-2025-00798,2025-12-03,VND-0010,Steckel Seip GmbH,IT Services,3347.09,DE60787133150983930103,0,KEINE
RE-2025-00799,2025-03-12,VND-0004,Kramer GbR,Facility Management,112.69,DE15752553419283276483,0,KEINE
RE-2025-00800,2025-06-27,VND-0006,Rörricht,Office Supplies,2507.24,DE52849696532871012269,0,KEINE
RE-2025-00801,2025-05-13,VND-0026,Barth AG,Office Supplies,4121.41,DE70379176936763201632,0,KEINE
RE-2025-00802,2025-05-19,VND-0005,Junk,Marketing,3761.39,DE52030564139537672423,0,KEINE
RE-2025-00803,2025-01-16,VND-0004,Kramer GbR,Facility Management,3868.58,DE15752553419283276483,0,KEINE
RE-2025-00804,2025-02-03,VND-0014,Textor Wagenknecht e.V.,IT Services,1396.3,DE43872343098050097882,0,KEINE
RE-2025-00805,2025-09-12,VND-0019,Margraf,IT Services,3156.29,DE39868011280598262045,0,KEINE
RE-2025-00806,2025-10-20,VND-0012,Löchel Langern GmbH & Co. KG,Facility Management,324.42,DE62010651333872624731,0,KEINE
RE-2025-00807,2025-02-24,VND-0006,Rörricht,Office Supplies,1312.82,DE52849696532871012269,0,KEINE
RE-2025-00808,2025-04-28,VND-0022,Pechel,Logistics,3627.75,DE30685014294019655698,0,KEINE
RE-2025-00809,2025-01-07,VND-0001,Dowerg,Facility Management,267.99,DE64043321819600133890,0,KEINE
RE-2025-00810,2025-03-18,VND-0016,Heß Haase OHG mbH,Consulting,1851.68,DE36534624751079911838,0,KEINE
RE-2025-00811,2025-12-02,VND-0028,Weimer GmbH & Co. KGaA,Facility Management,225.05,DE67743487347143455812,0,KEINE
RE-2025-00812,2025-06-13,VND-0011,Beckmann GmbH,Facility Management,1278.9,DE29183473829973763116,0,KEINE
RE-2025-00813,2025-03-03,VND-0003,Kaul Schleich GbR,IT Services,2879.1,DE04078161849593103413,0,KEINE
RE-2025-00814,2025-04-25,VND-0029,Heinrich GmbH,Facility Management,310.73,DE77231665876036690967,0,KEINE
RE-2025-00815,2025-02-05,VND-0002,Gumprich,IT Services,4772.69,DE80863794026542351161,0,KEINE
RE-2025-00816,2025-06-09,VND-0028,Weimer GmbH & Co. KGaA,Facility Management,1447.42,DE67743487347143455812,0,KEINE
RE-2025-00817,2025-07-08,VND-0018,Heydrich GmbH,IT Services,2310.89,DE51935348740164005242,0,KEINE
RE-2025-00818,2025-11-17,VND-0019,Margraf,IT Services,3933.31,DE39868011280598262045,0,KEINE
RE-2025-00819,2025-09-10,VND-0012,Löchel Langern GmbH & Co. KG,Facility Management,2978.87,DE62010651333872624731,0,KEINE
RE-2025-00820,2025-10-07,VND-0025,Zimmer Sager KG,Logistics,1017.34,DE95577738721489513433,0,KEINE
RE-2025-00821,2025-08-02,VND-0008,Patberg AG,Office Supplies,795.3,DE62489325288095701543,1,WOCHENEND_BUCHUNG
RE-2025-00822,2025-12-03,VND-0011,Beckmann GmbH,Facility Management,57.24,DE29183473829973763116,0,KEINE
RE-2025-00823,2025-02-24,VND-0024,Lange,IT Services,3649.71,DE55564823662994680443,0,KEINE
RE-2025-00824,2025-01-31,VND-0008,Patberg AG,Office Supplies,2128.09,DE62489325288095701543,0,KEINE
RE-2025-00825,2025-02-17,VND-0005,Junk,Marketing,3572.68,DE82938677496499091334,1,IBAN_ABWEICHUNG
RE-2025-00826,2025-07-31,VND-0029,Heinrich GmbH,Facility Management,4235.25,DE77231665876036690967,0,KEINE
RE-2025-00827,2025-02-13,VND-0012,Löchel Langern GmbH & Co. KG,Facility Management,2319.37,DE62010651333872624731,0,KEINE
RE-2025-00828,2025-07-21,VND-0017,Eigenwillig Keudel AG,IT Services,49798.63,DE52354278498084124118,1,HOHER_BETRAG
RE-2025-00829,2025-05-14,VND-0005,Junk,Marketing,1222.02,DE52030564139537672423,0,KEINE
RE-2025-00830,2025-12-25,VND-0030,Kitzmann GmbH,Logistics,4014.04,DE27668893734670656272,0,KEINE
RE-2025-00831,2025-05-20,VND-0011,Beckmann GmbH,Facility Management,1624.39,DE29183473829973763116,0,KEINE
RE-2025-00832,2025-10-27,VND-0007,Krause GmbH,Office Supplies,723.75,DE30978480184514627048,0,KEINE
RE-2025-00833,2025-08-27,VND-0004,Kramer GbR,Facility Management,863.66,DE15752553419283276483,0,KEINE
RE-2025-00834,2025-04-17,VND-0004,Kramer GbR,Facility Management,2702.83,DE15752553419283276483,0,KEINE
RE-2025-00835,2025-03-03,VND-0015,Pechel AG,Logistics,1361.79,DE71219136193990916998,0,KEINE
RE-2025-00836,2025-12-29,VND-0026,Barth AG,Office Supplies,3445.97,DE70379176936763201632,0,KEINE
RE-2025-00837,2025-06-17,VND-0002,Gumprich,IT Services,1114.35,DE80863794026542351161,0,KEINE
RE-2025-00838,2025-07-02,VND-0023,Krause KG,Logistics,1278.68,DE30340608835615951484,0,KEINE
RE-2025-00839,2025-05-14,VND-0002,Gumprich,IT Services,3402.06,DE80863794026542351161,0,KEINE
RE-2025-00840,2025-07-28,VND-0006,Rörricht,Office Supplies,203.86,DE52849696532871012269,0,KEINE
RE-2025-00841,2025-05-08,VND-0018,Heydrich GmbH,IT Services,3752.99,DE51935348740164005242,0,KEINE
RE-2025-00842,2025-03-13,VND-0004,Kramer GbR,Facility Management,4029.29,DE15752553419283276483,0,KEINE
RE-2025-00843,2025-04-24,VND-0002,Gumprich,IT Services,4160.34,DE80863794026542351161,0,KEINE
RE-2025-00844,2025-12-18,VND-0027,Pohl,Facility Management,2032.88,DE02708317278895798687,0,KEINE
RE-2025-00845,2025-10-28,VND-0021,Dörr,Office Supplies,466.0,DE32607337543303654145,0,KEINE
RE-2025-00846,2025-02-03,VND-0027,Pohl,Facility Management,421.19,DE02708317278895798687,0,KEINE
RE-2025-00847,2025-03-07,VND-0021,Dörr,Office Supplies,2244.99,DE32607337543303654145,0,KEINE
RE-2025-00848,2025-06-19,VND-0028,Weimer GmbH & Co. KGaA,Facility Management,4155.31,DE67743487347143455812,0,KEINE
RE-2025-00849,2025-10-21,VND-0015,Pechel AG,Logistics,300.66,DE71219136193990916998,0,KEINE
RE-2025-00850,2025-01-16,VND-0024,Lange,IT Services,2005.24,DE55564823662994680443,0,KEINE
RE-2025-00851,2025-04-21,VND-0014,Textor Wagenknecht e.V.,IT Services,905.4,DE43872343098050097882,0,KEINE
RE-2025-00852,2025-03-18,VND-0009,Hendriks KG,Facility Management,1435.28,DE78123281206797403447,1,IBAN_ABWEICHUNG
RE-2025-00853,2025-07-30,VND-0021,Dörr,Office Supplies,1510.77,DE32607337543303654145,0,KEINE
RE-2025-00854,2025-05-26,VND-0016,Heß Haase OHG mbH,Consulting,351.85,DE36534624751079911838,0,KEINE
RE-2025-00855,2025-09-29,VND-0014,Textor Wagenknecht e.V.,IT Services,1037.32,DE43872343098050097882,0,KEINE
RE-2025-00856,2025-01-10,VND-0026,Barth AG,Office Supplies,2741.1,DE70379176936763201632,0,KEINE
RE-2025-00857,2025-09-03,VND-0026,Barth AG,Office Supplies,3581.18,DE70379176936763201632,0,KEINE
RE-2025-00858,2025-10-17,VND-0016,Heß Haase OHG mbH,Consulting,1752.97,DE36534624751079911838,0,KEINE
RE-2025-00859,2025-01-14,VND-0013,Rogner Dippel AG,Logistics,1388.66,DE82801326773602606474,0,KEINE
RE-2025-00860,2025-05-26,VND-0002,Gumprich,IT Services,4986.0,DE80863794026542351161,1,DOPPELTE_RECHNUNG
RE-2025-00861,2025-04-30,VND-0012,Löchel Langern GmbH & Co. KG,Facility Management,3845.87,DE62010651333872624731,0,KEINE
RE-2025-00862,2025-05-05,VND-0004,Kramer GbR,Facility Management,1276.89,DE15752553419283276483,0,KEINE
RE-2025-00863,2025-01-29,VND-0027,Pohl,Facility Management,3966.62,DE02708317278895798687,0,KEINE
RE-2025-00864,2025-07-18,VND-0008,Patberg AG,Office Supplies,2899.68,DE62489325288095701543,0,KEINE
RE-2025-00865,2025-03-31,VND-0027,Pohl,Facility Management,4958.13,DE02708317278895798687,0,KEINE
RE-2025-00866,2025-12-24,VND-0019,Margraf,IT Services,1624.12,DE39868011280598262045,0,KEINE
RE-2025-00867,2025-12-25,VND-0019,Margraf,IT Services,189.62,DE39868011280598262045,0,KEINE
RE-2025-00868,2025-10-16,VND-0019,Margraf,IT Services,2839.85,DE39868011280598262045,0,KEINE
RE-2025-00869,2025-09-10,VND-0027,Pohl,Facility Management,4940.63,DE02708317278895798687,0,KEINE
RE-2025-00870,2025-02-17,VND-0006,Rörricht,Office Supplies,2477.66,DE80134936183242102499,1,IBAN_ABWEICHUNG
RE-2025-00871,2025-01-01,VND-0001,Dowerg,Facility Management,2655.92,DE64043321819600133890,0,KEINE
RE-2025-00872,2025-03-10,VND-0020,Klemt AG & Co. OHG,Office Supplies,1047.25,DE82315869232260256342,0,KEINE
RE-2025-00873,2025-06-16,VND-0006,Rörricht,Office Supplies,4597.96,DE52471746488771906594,1,IBAN_ABWEICHUNG
RE-2025-00874,2025-03-14,VND-0019,Margraf,IT Services,3538.25,DE39868011280598262045,0,KEINE
RE-2025-00875,2025-07-07,VND-0028,Weimer GmbH & Co. KGaA,Facility Management,2655.16,DE67743487347143455812,0,KEINE
RE-2025-00876,2025-12-08,VND-0012,Löchel Langern GmbH & Co. KG,Facility Management,3537.46,DE62010651333872624731,0,KEINE
RE-2025-00877,2025-06-16,VND-0004,Kramer GbR,Facility Management,1715.98,DE15752553419283276483,0,KEINE
RE-2025-00878,2025-08-12,VND-0006,Rörricht,Office Supplies,3675.14,DE52849696532871012269,0,KEINE
RE-2025-00879,2025-03-31,VND-0016,Heß Haase OHG mbH,Consulting,3263.44,DE36534624751079911838,0,KEINE
RE-2025-00880,2025-11-11,VND-0018,Heydrich GmbH,IT Services,3483.12,DE51935348740164005242,0,KEINE
RE-2025-00881,2025-03-31,VND-0008,Patberg AG,Office Supplies,3344.38,DE62489325288095701543,0,KEINE
RE-2025-00882,2025-03-07,VND-0024,Lange,IT Services,3458.07,DE55564823662994680443,0,KEINE
RE-2025-00883,2025-10-21,VND-0001,Dowerg,Facility Management,4746.5,DE64043321819600133890,0,KEINE
RE-2025-00884,2025-01-17,VND-0025,Zimmer Sager KG,Logistics,4827.66,DE95577738721489513433,0,KEINE
RE-2025-00885,2025-11-10,VND-0011,Beckmann GmbH,Facility Management,4609.14,DE29183473829973763116,0,KEINE
RE-2025-00886,2025-09-12,VND-0019,Margraf,IT Services,565.35,DE39868011280598262045,0,KEINE
RE-2025-00887,2025-06-27,VND-0024,Lange,IT Services,435.14,DE55564823662994680443,0,KEINE
RE-2025-00888,2025-02-17,VND-0006,Rörricht,Office Supplies,3199.12,DE52849696532871012269,0,KEINE
RE-2025-00889,2025-06-23,VND-0022,Pechel,Logistics,3213.56,DE30685014294019655698,0,KEINE
RE-2025-00890,2025-12-27,VND-0009,Hendriks KG,Facility Management,1087.94,DE36117182278248963834,1,WOCHENEND_BUCHUNG
RE-2025-00891,2025-07-17,VND-0024,Lange,IT Services,56.34,DE55564823662994680443,0,KEINE
RE-2025-00892,2025-07-31,VND-0014,Textor Wagenknecht e.V.,IT Services,4847.05,DE43872343098050097882,0,KEINE
RE-2025-00893,2025-07-14,VND-0013,Rogner Dippel AG,Logistics,1788.59,DE82801326773602606474,0,KEINE
RE-2025-00894,2025-10-23,VND-0016,Heß Haase OHG mbH,Consulting,3954.21,DE36534624751079911838,0,KEINE
RE-2025-00895,2025-08-20,VND-0022,Pechel,Logistics,38592.69,DE30685014294019655698,1,HOHER_BETRAG
RE-2025-00896,2025-02-24,VND-0011,Beckmann GmbH,Facility Management,1342.58,DE31013990490278742967,1,IBAN_ABWEICHUNG
RE-2025-00897,2025-02-10,VND-0029,Heinrich GmbH,Facility Management,1908.52,DE77231665876036690967,0,KEINE
RE-2025-00898,2025-06-23,VND-0029,Heinrich GmbH,Facility Management,4891.31,DE77231665876036690967,0,KEINE
RE-2025-00899,2025-12-29,VND-0020,Klemt AG & Co. OHG,Office Supplies,4471.47,DE58175655125674680715,1,IBAN_ABWEICHUNG
RE-2025-00900,2025-03-29,VND-0020,Klemt AG & Co. OHG,Office Supplies,4454.28,DE82315869232260256342,1,WOCHENEND_BUCHUNG
RE-2025-00901,2025-10-13,VND-0007,Krause GmbH,Office Supplies,2075.94,DE30978480184514627048,0,KEINE
RE-2025-00902,2025-12-05,VND-0024,Lange,IT Services,2723.62,DE55564823662994680443,0,KEINE
RE-2025-00903,2025-07-21,VND-0008,Patberg AG,Office Supplies,524.78,DE62489325288095701543,0,KEINE
RE-2025-00904,2025-01-28,VND-0027,Pohl,Facility Management,2480.19,DE02708317278895798687,0,KEINE
RE-2025-00905,2025-12-05,VND-0014,Textor Wagenknecht e.V.,IT Services,483.76,DE43872343098050097882,0,KEINE
RE-2025-00906,2025-01-14,VND-0016,Heß Haase OHG mbH,Consulting,1038.39,DE36534624751079911838,0,KEINE
RE-2025-00907,2025-02-11,VND-0021,Dörr,Office Supplies,1494.47,DE32607337543303654145,0,KEINE
RE-2025-00908,2025-07-23,VND-0004,Kramer GbR,Facility Management,1576.35,DE15752553419283276483,0,KEINE
RE-2025-00909,2025-02-17,VND-0029,Heinrich GmbH,Facility Management,3322.15,DE77231665876036690967,0,KEINE
RE-2025-00910,2025-07-15,VND-0013,Rogner Dippel AG,Logistics,965.16,DE82801326773602606474,0,KEINE
RE-2025-00911,2025-08-14,VND-0015,Pechel AG,Logistics,270.85,DE71219136193990916998,0,KEINE
RE-2025-00912,2025-10-16,VND-0008,Patberg AG,Office Supplies,21856.58,DE62489325288095701543,1,HOHER_BETRAG
RE-2025-00913,2025-07-31,VND-0012,Löchel Langern GmbH & Co. KG,Facility Management,4050.49,DE62010651333872624731,0,KEINE
RE-2025-00914,2025-02-03,VND-0019,Margraf,IT Services,1176.19,DE39868011280598262045,0,KEINE
RE-2025-00915,2025-10-02,VND-0027,Pohl,Facility Management,2636.78,DE02708317278895798687,0,KEINE
RE-2025-00916,2025-05-01,VND-0030,Kitzmann GmbH,Logistics,2400.38,DE27668893734670656272,0,KEINE
RE-2025-00917,2025-01-20,VND-0003,Kaul Schleich GbR,IT Services,2004.28,DE04078161849593103413,0,KEINE
RE-2025-00918,2025-10-20,VND-0029,Heinrich GmbH,Facility Management,2608.25,DE77231665876036690967,0,KEINE
RE-2025-00919,2025-08-18,VND-0020,Klemt AG & Co. OHG,Office Supplies,779.87,DE82315869232260256342,0,KEINE
RE-2025-00920,2025-04-09,VND-0006,Rörricht,Office Supplies,4862.22,DE52849696532871012269,0,KEINE
RE-2025-00921,2025-12-16,VND-0014,Textor Wagenknecht e.V.,IT Services,437.92,DE43872343098050097882,0,KEINE
RE-2025-00922,2025-11-03,VND-0027,Pohl,Facility Management,3154.77,DE02708317278895798687,0,KEINE
RE-2025-00923,2025-02-04,VND-0030,Kitzmann GmbH,Logistics,3649.16,DE27668893734670656272,0,KEINE
RE-2025-00924,2025-06-16,VND-0018,Heydrich GmbH,IT Services,2016.91,DE51935348740164005242,0,KEINE
RE-2025-00925,2025-01-07,VND-0017,Eigenwillig Keudel AG,IT Services,2317.88,DE52354278498084124118,0,KEINE
RE-2025-00926,2025-08-04,VND-0020,Klemt AG & Co. OHG,Office Supplies,2958.5,DE82315869232260256342,0,KEINE
RE-2025-00927,2025-10-29,VND-0005,Junk,Marketing,783.59,DE52030564139537672423,0,KEINE
RE-2025-00928,2025-10-16,VND-0004,Kramer GbR,Facility Management,4628.39,DE15752553419283276483,0,KEINE
RE-2025-00929,2025-10-02,VND-0026,Barth AG,Office Supplies,1466.16,DE70379176936763201632,0,KEINE
RE-2025-00930,2025-07-16,VND-0029,Heinrich GmbH,Facility Management,2083.91,DE77231665876036690967,0,KEINE
RE-2025-00931,2025-01-20,VND-0019,Margraf,IT Services,3064.36,DE39868011280598262045,0,KEINE
RE-2025-00932,2025-11-10,VND-0013,Rogner Dippel AG,Logistics,762.07,DE82801326773602606474,0,KEINE
RE-2025-00933,2025-06-19,VND-0013,Rogner Dippel AG,Logistics,241.97,DE82801326773602606474,0,KEINE
RE-2025-00934,2025-05-19,VND-0002,Gumprich,IT Services,3741.46,DE80863794026542351161,0,KEINE
RE-2025-00935,2025-06-05,VND-0001,Dowerg,Facility Management,1722.44,DE64043321819600133890,0,KEINE
RE-2025-00936,2025-12-23,VND-0027,Pohl,Facility Management,2483.52,DE02708317278895798687,0,KEINE
RE-2025-00937,2025-06-03,VND-0028,Weimer GmbH & Co. KGaA,Facility Management,1178.39,DE67743487347143455812,0,KEINE
RE-2025-00938,2025-06-16,VND-0015,Pechel AG,Logistics,3881.45,DE71219136193990916998,0,KEINE
RE-2025-00939,2025-02-17,VND-0014,Textor Wagenknecht e.V.,IT Services,3044.65,DE43872343098050097882,0,KEINE
RE-2025-00940,2025-07-28,VND-0007,Krause GmbH,Office Supplies,4571.49,DE30978480184514627048,0,KEINE
RE-2025-00941,2025-07-11,VND-0025,Zimmer Sager KG,Logistics,2606.68,DE95577738721489513433,0,KEINE
RE-2025-00942,2025-02-03,VND-0017,Eigenwillig Keudel AG,IT Services,3967.88,DE52354278498084124118,0,KEINE
RE-2025-00943,2025-09-26,VND-0017,Eigenwillig Keudel AG,IT Services,2046.76,DE52354278498084124118,0,KEINE
RE-2025-00944,2025-04-14,VND-0001,Dowerg,Facility Management,910.0,DE64043321819600133890,0,KEINE
RE-2025-00945,2025-01-27,VND-0008,Patberg AG,Office Supplies,213.7,DE62489325288095701543,0,KEINE
RE-2025-00946,2025-07-08,VND-0023,Krause KG,Logistics,1035.59,DE30340608835615951484,0,KEINE
RE-2025-00947,2025-03-05,VND-0017,Eigenwillig Keudel AG,IT Services,2014.86,DE52354278498084124118,0,KEINE
RE-2025-00948,2025-11-03,VND-0008,Patberg AG,Office Supplies,1893.71,DE62489325288095701543,0,KEINE
RE-2025-00949,2025-10-10,VND-0028,Weimer GmbH & Co. KGaA,Facility Management,2399.18,DE67743487347143455812,0,KEINE
RE-2025-00950,2025-05-13,VND-0006,Rörricht,Office Supplies,4196.39,DE52849696532871012269,0,KEINE
RE-2025-00951,2025-01-15,VND-0023,Krause KG,Logistics,497.44,DE30340608835615951484,0,KEINE
RE-2025-00952,2025-04-21,VND-0006,Rörricht,Office Supplies,4276.42,DE52849696532871012269,0,KEINE
RE-2025-00953,2025-04-16,VND-0021,Dörr,Office Supplies,1164.3,DE32607337543303654145,0,KEINE
RE-2025-00954,2025-12-16,VND-0014,Textor Wagenknecht e.V.,IT Services,2590.74,DE40451680876038597703,1,IBAN_ABWEICHUNG
RE-2025-00955,2025-01-06,VND-0021,Dörr,Office Supplies,907.34,DE32607337543303654145,0,KEINE
RE-2025-00956,2025-06-06,VND-0020,Klemt AG & Co. OHG,Office Supplies,4035.17,DE82315869232260256342,0,KEINE
RE-2025-00957,2025-08-05,VND-0023,Krause KG,Logistics,3231.56,DE30340608835615951484,0,KEINE
RE-2025-00958,2025-05-12,VND-0028,Weimer GmbH & Co. KGaA,Facility Management,1776.11,DE67743487347143455812,0,KEINE
RE-2025-00959,2025-11-17,VND-0010,Steckel Seip GmbH,IT Services,3402.12,DE60787133150983930103,0,KEINE
RE-2025-00960,2025-12-08,VND-0004,Kramer GbR,Facility Management,86.37,DE15752553419283276483,0,KEINE
RE-2025-00961,2025-11-28,VND-0027,Pohl,Facility Management,1902.44,DE02708317278895798687,0,KEINE
RE-2025-00962,2025-02-25,VND-0010,Steckel Seip GmbH,IT Services,1527.46,DE60787133150983930103,0,KEINE
RE-2025-00963,2025-11-24,VND-0011,Beckmann GmbH,Facility Management,4942.39,DE29183473829973763116,0,KEINE
RE-2025-00964,2025-12-31,VND-0009,Hendriks KG,Facility Management,1342.68,DE36117182278248963834,0,KEINE
RE-2025-00965,2025-03-18,VND-0021,Dörr,Office Supplies,1529.02,DE32607337543303654145,0,KEINE
RE-2025-00966,2025-11-04,VND-0008,Patberg AG,Office Supplies,4503.45,DE62489325288095701543,0,KEINE
RE-2025-00967,2025-01-14,VND-0011,Beckmann GmbH,Facility Management,3419.74,DE29183473829973763116,0,KEINE
RE-2025-00968,2025-08-04,VND-0010,Steckel Seip GmbH,IT Services,1334.16,DE60787133150983930103,0,KEINE
RE-2025-00969,2025-12-29,VND-0024,Lange,IT Services,224.83,DE55564823662994680443,0,KEINE
RE-2025-00970,2025-04-24,VND-0027,Pohl,Facility Management,990.08,DE02708317278895798687,0,KEINE
RE-2025-00971,2025-12-10,VND-0021,Dörr,Office Supplies,3935.24,DE32607337543303654145,0,KEINE
RE-2025-00972,2025-12-03,VND-0010,Steckel Seip GmbH,IT Services,4234.83,DE60787133150983930103,0,KEINE
RE-2025-00973,2025-09-01,VND-0006,Rörricht,Office Supplies,1504.23,DE52849696532871012269,0,KEINE
RE-2025-00974,2025-10-14,VND-0009,Hendriks KG,Facility Management,3639.67,DE36117182278248963834,0,KEINE
RE-2025-00975,2025-06-23,VND-0006,Rörricht,Office Supplies,4737.27,DE52849696532871012269,0,KEINE
RE-2025-00976,2025-06-09,VND-0008,Patberg AG,Office Supplies,1808.65,DE62489325288095701543,0,KEINE
RE-2025-00977,2025-05-14,VND-0029,Heinrich GmbH,Facility Management,1690.02,DE77231665876036690967,0,KEINE
RE-2025-00978,2025-08-29,VND-0015,Pechel AG,Logistics,52777.57,DE71219136193990916998,1,HOHER_BETRAG
RE-2025-00979,2025-12-15,VND-0007,Krause GmbH,Office Supplies,2527.36,DE30978480184514627048,0,KEINE
RE-2025-00980,2025-03-19,VND-0010,Steckel Seip GmbH,IT Services,2094.88,DE60787133150983930103,0,KEINE
RE-2025-00981,2025-10-20,VND-0007,Krause GmbH,Office Supplies,1746.22,DE30978480184514627048,0,KEINE
RE-2025-00982,2025-04-03,VND-0015,Pechel AG,Logistics,758.96,DE71219136193990916998,0,KEINE
RE-2025-00983,2025-04-01,VND-0016,Heß Haase OHG mbH,Consulting,1696.52,DE36534624751079911838,0,KEINE
RE-2025-00984,2025-05-21,VND-0002,Gumprich,IT Services,73.33,DE80863794026542351161,0,KEINE
RE-2025-00985,2025-03-24,VND-0025,Zimmer Sager KG,Logistics,884.6,DE95577738721489513433,0,KEINE
RE-2025-00986,2025-03-10,VND-0025,Zimmer Sager KG,Logistics,3909.77,DE95577738721489513433,0,KEINE
RE-2025-00987,2025-08-08,VND-0021,Dörr,Office Supplies,2175.58,DE32607337543303654145,0,KEINE
RE-2025-00988,2025-10-01,VND-0013,Rogner Dippel AG,Logistics,73.11,DE82801326773602606474,0,KEINE
RE-2025-00989,2025-06-16,VND-0012,Löchel Langern GmbH & Co. KG,Facility Management,4752.84,DE62010651333872624731,0,KEINE
RE-2025-00990,2025-12-15,VND-0017,Eigenwillig Keudel AG,IT Services,993.35,DE84482477109324808613,1,IBAN_ABWEICHUNG
RE-2025-00991,2025-06-26,VND-0008,Patberg AG,Office Supplies,3482.95,DE62489325288095701543,0,KEINE
RE-2025-00992,2025-10-29,VND-0004,Kramer GbR,Facility Management,1948.57,DE15752553419283276483,0,KEINE
RE-2025-00993,2025-06-02,VND-0003,Kaul Schleich GbR,IT Services,4128.03,DE04078161849593103413,0,KEINE
RE-2025-00994,2025-11-03,VND-0015,Pechel AG,Logistics,3652.77,DE71219136193990916998,0,KEINE
RE-2025-00995,2025-03-10,VND-0014,Textor Wagenknecht e.V.,IT Services,4445.47,DE43872343098050097882,0,KEINE
RE-2025-00996,2025-04-07,VND-0029,Heinrich GmbH,Facility Management,2476.38,DE77231665876036690967,0,KEINE
RE-2025-00997,2025-07-28,VND-0030,Kitzmann GmbH,Logistics,4595.12,DE16171274846773782639,1,IBAN_ABWEICHUNG
RE-2025-00998,2025-04-21,VND-0024,Lange,IT Services,4925.15,DE55564823662994680443,0,KEINE
RE-2025-00999,2025-03-05,VND-0019,Margraf,IT Services,2547.94,DE39868011280598262045,0,KEINE
RE-2025-01000,2025-07-14,VND-0021,Dörr,Office Supplies,3971.03,DE32607337543303654145,0,KEINE
